amsterdam|2026-09-02|48|22.0|14.0|8.0|20.0|2.0|16.0|15.0|1.0|93.79|~|6.0|2.00|2|12.11|15.00|0.000|~|0.8988|0.3349|2026-10-04T02:39:29.486954
amsterdam|2026-09-03|48|22.0|18.0|4.0|22.0|0.0|19.0|18.0|1.0|93.93|~|3.0|3.44|4|17.94|21.00|0.000|~|0.9479|0.2955|2026-10-04T09:27:48.328016
amsterdam|2026-09-04|47|22.0|16.0|6.0|22.0|0.0|21.0|17.0|4.0|77.93|~|1.0|2.00|2|18.39|28.00|0.000|~|0.9316|0.1677|2026-10-04T09:27:48.328016
amsterdam|2026-09-05|48|20.0|13.0|7.0|22.0|-2.0|17.0|13.0|4.0|77.31|~|3.0|2.00|2|17.67|20.00|0.000|~|0.9565|-0.2434|2026-10-04T09:27:48.328016
amsterdam|2026-09-06|48|22.0|11.0|11.0|20.0|2.0|13.0|11.0|2.0|87.65|~|9.0|~|~|10.28|12.00|0.000|~|-0.2298|0.9530|2026-10-04T09:27:48.328016
amsterdam|2026-09-07|48|26.0|16.0|10.0|22.0|4.0|17.0|13.0|4.0|77.31|~|9.0|2.00|2|12.00|18.00|0.000|~|0.6453|0.5433|2026-10-04T09:27:48.328016
amsterdam|2026-09-08|48|19.0|13.0|6.0|26.0|-7.0|18.0|16.0|2.0|88.1|~|1.0|2.00|2|9.00|14.00|0.000|~|0.6275|0.7475|2026-10-04T09:27:48.328016
amsterdam|2026-09-09|47|18.0|12.0|6.0|19.0|-1.0|15.0|10.0|5.0|72.02|~|3.0|2.00|2|14.00|19.00|0.000|~|0.8845|-0.3050|2026-10-04T09:27:48.328016
amsterdam|2026-09-10|47|20.0|9.0|11.0|18.0|2.0|12.0|11.0|1.0|93.6|~|8.0|2.00|2|8.59|13.00|0.000|~|0.2033|0.9272|2026-10-04T09:27:48.328016
amsterdam|2026-09-11|47|21.0|14.0|7.0|20.0|1.0|14.0|13.0|1.0|93.7|~|7.0|2.11|4|10.11|12.00|0.000|~|0.5938|0.4471|2026-10-04T09:27:48.328016
amsterdam|2026-09-12|48|22.0|12.0|10.0|21.0|1.0|15.0|14.0|1.0|93.74|~|7.0|2.00|2|12.61|17.00|0.000|~|0.6748|0.6701|2026-10-04T09:27:48.328016
amsterdam|2026-09-13|47|21.0|15.0|6.0|22.0|-1.0|18.0|17.0|1.0|93.89|~|3.0|2.12|4|8.88|11.00|0.000|~|0.8522|-0.4116|2026-10-04T09:27:48.328016
amsterdam|2026-09-14|48|23.0|13.0|10.0|21.0|2.0|13.0|13.0|0.0|100.0|~|10.0|2.22|4|9.44|15.00|0.000|~|0.3914|0.5896|2026-10-04T09:27:48.328016
amsterdam|2026-09-15|48|25.0|16.0|9.0|23.0|2.0|18.0|17.0|1.0|93.89|~|7.0|2.00|2|12.78|16.00|0.000|~|0.7262|0.5597|2026-10-04T09:27:48.328016
amsterdam|2026-09-16|48|19.0|13.0|6.0|25.0|-6.0|15.0|13.0|2.0|87.84|~|4.0|2.00|2|11.61|15.00|0.000|~|0.8157|-0.4794|2026-10-04T09:27:48.328016
amsterdam|2026-09-17|47|17.0|13.0|4.0|19.0|-2.0|15.0|13.0|2.0|87.84|~|2.0|2.00|2|16.76|20.00|0.000|~|0.4805|0.8689|2026-10-04T09:27:48.328016
amsterdam|2026-09-18|48|18.0|13.0|5.0|17.0|1.0|14.0|11.0|3.0|82.13|~|4.0|2.56|4|15.00|19.00|0.000|~|0.9300|0.2787|2026-10-04T09:27:48.328016
amsterdam|2026-09-19|48|20.0|17.0|3.0|18.0|2.0|18.0|15.0|3.0|82.63|~|2.0|2.67|6|18.78|23.00|0.000|~|0.6804|0.7154|2026-10-04T09:27:48.328016
amsterdam|2026-09-20|48|19|12.0|7.0|20.0|-1.0|17|13|4|77.31|~|2|2.89|4|16.89|20.00|0.000|~|0.9051|-0.3985|2026-10-04T09:27:48.328016
amsterdam|2026-09-21|47|19.0|11.0|8.0|19|0.0|13|11|2|87.65|~|6.0|2.56|4|9.17|13.00|0.000|~|0.8621|-0.4794|2026-10-04T09:27:48.328016
amsterdam|2026-09-22|48|19|11.0|8.0|19.0|0.0|14|12|2|87.75|~|5|2.00|2|3.78|5.00|0.000|~|0.3686|0.5041|2026-10-04T09:27:48.328016
amsterdam|2026-09-23|47|20|15|5|19|1|16|15|1|93.79|~|4|2.22|6|9.00|15.00|0.000|~|0.5207|0.6402|2026-10-04T09:27:48.328016
amsterdam|2026-09-24|48|18|11|7|20|-2|11|9|2|87.47|~|7|2.00|2|7.00|10.00|0.000|~|0.3925|-0.8652|2026-10-04T09:27:48.328016
amsterdam|2026-09-25|48|22.0|9|13.0|18|4.0|9|7|2|87.28|~|13.0|~|~|7.00|11.00|0.000|~|0.0611|0.9484|2026-10-04T09:27:48.328016
amsterdam|2026-09-26|48|20.0|13.0|7.0|22.0|-2.0|15.0|14.0|1.0|93.74|~|5.0|2.12|4|6.50|8.00|0.000|~|-0.2965|-0.8024|2026-10-04T09:27:48.328016
amsterdam|2026-09-27|48|21.0|12.0|9.0|20.0|1.0|12.0|12.0|0.0|100.0|~|9.0|~|~|6.28|8.00|0.000|~|-0.1491|0.8831|2026-10-04T09:27:48.328016
amsterdam|2026-09-28|48|21.0|16.0|5.0|21.0|0.0|17.0|16.0|1.0|93.84|~|4.0|2.00|2|6.00|9.00|0.000|~|0.4615|-0.1720|2026-10-04T09:27:48.328016
amsterdam|2026-09-29|48|25.0|16.0|9.0|21.0|4.0|16.0|15.0|1.0|93.79|~|9.0|1.50|2|6.89|10.00|0.000|~|-0.8763|0.3557|2026-10-04T09:27:48.328016
amsterdam|2026-09-30|48|23.0|17.0|6.0|25.0|-2.0|18.0|12.0|6.0|67.97|~|5.0|1.20|4|7.94|10.00|0.000|~|-0.1597|0.9276|2026-10-04T09:27:48.328016
amsterdam|2026-10-01|48|21.0|13.0|8.0|23.0|-2.0|17.0|16.0|1.0|93.84|~|4.0|2.67|4|10.78|13.00|0.000|~|0.9660|0.1445|2026-10-04T09:27:48.328016
amsterdam|2026-10-02|48|20.0|11.0|9.0|21.0|-1.0|11.0|11.0|0.0|100.0|~|9.0|2.00|2|6.33|9.00|0.000|~|0.3124|0.8285|2026-10-04T09:27:48.328016
amsterdam|2026-10-03|48|20.0|10.0|10.0|20.0|0.0|10.0|9.0|1.0|93.5|~|10.0|2.00|2|4.89|7.00|0.000|~|0.6679|0.1891|2026-10-04T09:27:48.328016
amsterdam|2026-10-04|21|16.0|10.0|6.0|20.0|-4.0|11.0|11.0|0.0|100.0|~|5.0|2.00|2|1.00|1.00|0.000|~|~|~|2026-10-04T09:27:48.328016
ankara|2026-09-02|48|31.0|14.0|17.0|30.0|1.0|21.0|12.0|9.0|56.42|~|10.0|2.00|2|4.50|11.00|0.000|~|-0.2896|-0.2197|2026-10-04T02:39:30.146073
ankara|2026-09-03|48|30.0|15.0|15.0|31.0|-1.0|17.0|9.0|8.0|59.27|~|13.0|2.00|2|7.44|10.00|0.000|~|-0.8620|-0.1216|2026-10-04T09:27:48.328016
ankara|2026-09-04|48|29.0|15.0|14.0|30.0|-1.0|18.0|10.0|8.0|59.52|~|11.0|3.88|4|6.56|11.00|0.000|~|-0.4923|-0.7281|2026-10-04T09:27:48.328016
ankara|2026-09-05|48|29.0|15.0|14.0|29.0|0.0|18.0|9.0|9.0|55.65|~|11.0|~|~|6.50|12.00|0.000|~|-0.8944|-0.2801|2026-10-04T09:27:48.328016
ankara|2026-09-06|48|32.0|13.0|19.0|29.0|3.0|16.0|5.0|11.0|48.01|~|16.0|~|~|4.17|7.00|0.000|~|0.4718|0.1613|2026-10-04T09:27:48.328016
ankara|2026-09-07|48|24.0|13.0|11.0|32.0|-8.0|16.0|5.0|11.0|48.01|~|8.0|2.00|2|13.33|16.00|0.000|~|-0.6851|-0.6569|2026-10-04T09:27:48.328016
ankara|2026-09-08|48|23.0|10.0|13.0|24.0|-1.0|13.0|6.0|7.0|62.46|~|10.0|2.00|2|7.83|12.00|0.000|~|-0.9135|-0.0659|2026-10-04T09:27:48.328016
ankara|2026-09-09|48|27.0|10.0|17.0|23.0|4.0|12.0|6.0|6.0|66.7|~|15.0|~|~|4.44|6.00|0.000|~|-0.6186|-0.5068|2026-10-04T09:27:48.328016
ankara|2026-09-10|48|30.0|10.0|20.0|27.0|3.0|13.0|3.0|10.0|50.63|~|17.0|~|~|3.89|9.00|0.000|~|0.5678|0.7687|2026-10-04T09:27:48.328016
ankara|2026-09-11|48|31.0|11.0|20.0|30.0|1.0|15.0|3.0|12.0|44.47|~|16.0|~|~|3.78|8.00|0.000|~|0.8787|-0.0709|2026-10-04T09:27:48.328016
ankara|2026-09-12|48|32.0|12.0|20.0|31.0|1.0|16.0|4.0|12.0|44.76|~|16.0|~|~|4.56|8.00|0.000|~|0.5441|0.1515|2026-10-04T09:27:48.328016
ankara|2026-09-13|48|33.0|9.0|24.0|32.0|1.0|13.0|2.0|11.0|47.15|~|20.0|2.00|2|6.61|15.00|0.000|~|0.9357|0.1090|2026-10-04T09:27:48.328016
ankara|2026-09-14|48|26.0|13.0|13.0|33.0|-7.0|19.0|12.0|7.0|63.85|~|7.0|4.00|4|8.67|14.00|0.000|~|0.9016|-0.3325|2026-10-04T09:27:48.328016
ankara|2026-09-15|48|25.0|8.0|17.0|26.0|-1.0|10.0|5.0|5.0|71.06|~|15.0|2.63|4|3.94|6.00|0.000|~|-0.0015|-0.1113|2026-10-04T09:27:48.328016
ankara|2026-09-16|52|23.0|15.0|8.0|25.0|-2.0|16.0|10.0|6.0|67.55|~|7.0|4.11|6|8.28|11.00|0.000|~|-0.6350|-0.7050|2026-10-04T09:27:48.328016
ankara|2026-09-17|51|18.0|14.0|4.0|23.0|-5.0|14.0|14.0|0.0|100.0|~|4.0|4.40|6|3.05|5.00|0.000|~|-0.0526|-0.3016|2026-10-04T09:27:48.328016
ankara|2026-09-18|50|24.0|15.0|9.0|18.0|6.0|16.0|14.0|2.0|87.93|~|8.0|4.89|6|8.89|12.00|0.000|~|-0.6885|-0.4417|2026-10-04T09:27:48.328016
ankara|2026-09-19|48|24.0|12.0|12.0|24.0|0.0|14.0|12.0|2.0|87.75|~|10.0|4.00|4|3.72|6.00|0.000|~|0.5925|0.2035|2026-10-04T09:27:48.328016
ankara|2026-09-20|48|25.0|13.0|12.0|24.0|1.0|14.0|11.0|3.0|82.13|~|11.0|3.11|4|3.33|6.00|0.000|~|-0.1884|-0.2760|2026-10-04T09:27:48.328016
ankara|2026-09-21|48|26.0|14.0|12.0|25.0|1.0|15.0|11.0|4.0|76.99|~|11.0|3.11|4|5.22|10.00|0.000|~|0.9235|-0.0755|2026-10-04T09:27:48.328016
ankara|2026-09-22|52|26.0|11.0|15.0|26.0|0.0|13|10|3|82|~|13.0|3.50|4|5.10|8.00|0.000|~|0.5303|0.5052|2026-10-04T09:27:48.328016
ankara|2026-09-23|47|19|12|7|26.0|-7.0|15|13|2|87.84|~|4|2.89|4|9.94|13.00|0.000|~|0.8803|0.2703|2026-10-04T09:27:48.328016
ankara|2026-09-24|48|19|7|12|19|0|8|4|4|75.84|~|11|3.71|4|4.06|8.00|0.000|~|0.0552|-0.0521|2026-10-04T09:27:48.328016
ankara|2026-09-25|48|20.0|8|12.0|19|1.0|10|7|3|81.6|~|10.0|3.67|4|7.78|14.00|0.000|~|-0.8024|-0.3690|2026-10-04T09:27:48.328016
ankara|2026-09-26|48|21.0|7.0|14.0|20.0|1.0|10.0|8.0|2.0|87.37|~|11.0|3.65|4|6.56|11.00|0.000|~|-0.6512|-0.5885|2026-10-04T09:27:48.328016
ankara|2026-09-27|49|23.0|13.0|10.0|21.0|2.0|14.0|9.0|5.0|71.84|~|9.0|4.00|4|10.67|13.00|0.000|~|-0.7414|-0.6225|2026-10-04T09:27:48.328016
ankara|2026-09-28|56|16.0|12.0|4.0|23.0|-7.0|12.0|11.0|1.0|93.6|~|4.0|3.68|4|7.47|10.00|0.000|~|0.8941|0.1796|2026-10-04T09:27:48.328016
ankara|2026-09-29|49|16.0|13.0|3.0|16.0|0.0|14.0|12.0|2.0|87.75|~|2.0|3.58|4|3.05|6.00|0.000|~|0.3910|0.6200|2026-10-04T09:27:48.328016
ankara|2026-09-30|48|16.0|9.0|7.0|16.0|0.0|10.0|9.0|1.0|93.5|~|6.0|4.00|4|10.11|13.00|0.000|~|-0.8290|-0.5245|2026-10-04T09:27:48.328016
ankara|2026-10-01|48|17.0|10.0|7.0|16.0|1.0|11.0|7.0|4.0|76.34|~|6.0|4.33|6|10.61|14.00|0.000|~|-0.8005|-0.5071|2026-10-04T09:27:48.328016
ankara|2026-10-02|48|18.0|6.0|12.0|17.0|1.0|8.0|5.0|3.0|81.33|~|10.0|3.89|4|10.39|14.00|0.000|~|-0.9465|-0.2809|2026-10-04T09:27:48.328016
ankara|2026-10-03|48|17.0|6.0|11.0|18.0|-1.0|9.0|4.0|5.0|70.87|~|8.0|2.50|4|14.94|18.00|0.000|~|-0.9050|-0.3867|2026-10-04T09:27:48.328016
ankara|2026-10-04|23|15.0|4.0|11.0|17.0|-2.0|6.0|2.0|4.0|75.49|~|9.0|~|~|10.60|14.00|0.000|~|-0.8761|-0.3275|2026-10-04T09:27:48.328016
atlanta|2026-09-02|24|35.0|25.0|10.0|33.89|1.11|25.0|21.11|3.89|79.06|~|10.0|2.89|4|3.56|7.00|0.000|~|0.8015|-0.2038|2026-10-04T09:27:48.328016
atlanta|2026-09-03|24|35.0|25.0|10.0|35.0|0.0|25.56|22.22|3.34|81.86|~|9.44|2.67|4|6.33|11.00|0.000|~|-0.4690|0.5863|2026-10-04T09:27:48.328016
atlanta|2026-09-04|24|34.44|24.44|10.00|35.0|-0.56|24.44|21.67|2.77|84.55|~|10.00|3.56|6|5.22|8.00|0.000|~|-0.8706|-0.0060|2026-10-04T09:27:48.328016
atlanta|2026-09-05|30|36.11|23.33|12.78|34.44|1.67|23.89|22.22|1.67|90.42|~|12.22|3.11|4|4.44|8.00|0.560|~|0.4065|-0.2577|2026-10-04T09:27:48.328016
atlanta|2026-09-06|130|34.44|22|12.44|36.11|-1.67|22.78|21.67|1.11|93.47|~|11.66|0.94|6|5.24|8.01|0.000|~|0.1494|-0.8479|2026-10-04T09:27:48.328016
atlanta|2026-09-07|28|27.78|22.22|5.56|34.44|-6.66|22.22|20.56|1.66|90.3|~|5.56|4.44|6|10.00|13.00|0.000|~|-0.9010|0.0655|2026-10-04T09:27:48.328016
atlanta|2026-09-08|24|31.11|21.67|9.44|27.78|3.33|21.67|19.44|2.23|87.21|~|9.44|2.22|4|7.56|10.00|0.000|~|-0.9251|0.1760|2026-10-04T09:27:48.328016
atlanta|2026-09-09|24|31.67|21.67|10.00|31.11|0.56|22.22|18.89|3.33|81.44|~|9.45|2.44|4|6.22|7.00|0.000|~|-0.8338|0.2473|2026-10-04T09:27:48.328016
atlanta|2026-09-10|24|32.22|22.78|9.44|31.67|0.55|23.33|20.56|2.77|84.43|~|8.89|4.00|6|3.67|7.00|0.000|~|0.3428|0.4386|2026-10-04T09:27:48.328016
atlanta|2026-09-11|38|31.11|21.67|9.44|32.22|-1.11|23.89|22.22|1.67|90.42|~|7.22|4.10|6|6.62|26.00|3.090|~|0.0592|0.2301|2026-10-04T09:27:48.328016
atlanta|2026-09-12|177|28.89|22.22|6.67|31.11|-2.22|22.78|22.22|0.56|96.69|~|6.11|4.73|8|4.21|9.00|1.500|~|0.6980|0.4815|2026-10-04T09:27:48.328016
atlanta|2026-09-13|336|32.22|22|10.22|28.89|3.33|22.78|21.67|1.11|93.47|~|9.44|1.34|6|7.61|11.99|0.000|~|0.7478|-0.5382|2026-10-04T09:27:48.328016
atlanta|2026-09-14|334|33.33|22|11.33|32.22|1.11|23.33|19.44|3.89|78.82|~|10.00|1.31|4|6.81|11.08|0.000|~|-0.5550|-0.7173|2026-10-04T09:27:48.328016
atlanta|2026-09-15|336|32.22|23.89|8.33|33.33|-1.11|23.89|20.0|3.89|78.9|~|8.33|3.75|6|8.80|12.05|0.000|~|-0.9446|-0.1955|2026-10-04T09:27:48.328016
atlanta|2026-09-16|342|31.11|22.78|8.33|32.22|-1.11|22.78|21.11|1.67|90.34|~|8.33|5.28|8|4.95|11.08|0.000|~|-0.8704|-0.0977|2026-10-04T09:27:48.328016
atlanta|2026-09-17|335|31.67|21|10.67|31.11|0.56|21.11|17.78|3.33|81.29|~|10.56|1.42|2|5.02|11.99|0.000|~|-0.3088|-0.3688|2026-10-04T09:27:48.328016
atlanta|2026-09-18|335|33.89|21.67|12.22|31.67|2.22|22.22|20.0|2.22|87.26|~|11.67|1.05|4|5.00|9.00|0.000|~|0.6104|-0.5515|2026-10-04T09:27:48.328016
atlanta|2026-09-19|344|32.78|21.67|11.11|33.89|-1.11|23.89|20.0|3.89|78.9|~|8.89|0.53|6|4.50|8.01|2.917|~|-0.7970|-0.1851|2026-10-04T09:27:48.328016
atlanta|2026-09-20|342|31.11|21.67|9.44|32.78|-1.67|21.67|21.11|0.56|96.66|~|9.44|4.58|8|3.66|8.01|0.000|~|-0.8127|0.0185|2026-10-04T09:27:48.328016
atlanta|2026-09-21|340|32.22|22|10.22|31.11|1.11|22.22|19.44|2.78|84.3|1014.8|10.00|2.61|6|3.28|8.01|0.000|~|0.0114|0.0427|2026-10-04T09:27:48.328016
atlanta|2026-09-22|336|30|22|8|32.22|-2.22|22.78|20.56|2.22|87.31|1015.4|7.22|2.66|6|8.32|14.00|0.000|0.60|-0.8982|-0.1705|2026-10-04T09:27:48.328016
atlanta|2026-09-23|350|26.67|20|6.67|30|-3.33|22.22|20.56|1.66|90.3|1019.6|4.45|5.75|8|8.93|15.00|0.000|4.20|-0.9579|-0.0809|2026-10-04T09:27:48.328016
atlanta|2026-09-24|345|21.11|17|4.11|26.67|-5.56|17.22|15.56|1.66|89.94|1021.2|3.89|7.85|8|9.35|13.00|0.000|1.60|-0.8517|-0.4534|2026-10-04T09:27:48.328016
atlanta|2026-09-25|340|24.44|15.56|8.88|21.11|3.33|16.11|12.22|3.89|77.73|1021.2|8.33|4.81|8|6.59|13.00|0.000|0.00|0.2123|-0.6385|2026-10-04T09:27:48.328016
atlanta|2026-09-26|336|26.67|15.56|11.11|24.44|2.23|16.11|12.22|3.89|77.73|1017.4|10.56|0.39|6|5.45|11.00|0.000|-3.80|0.5037|-0.2272|2026-10-04T09:27:48.328016
atlanta|2026-09-27|335|27.22|13|14.22|26.67|0.55|13.33|8.89|4.44|74.46|1013.9|13.89|0.35|4|5.95|11.99|0.000|-3.50|0.5489|-0.4780|2026-10-04T09:27:48.328016
atlanta|2026-09-28|335|26.67|13|13.67|27.22|-0.55|13.89|9.44|4.45|74.55|1014.9|12.78|1.58|4|4.58|9.00|0.000|1.00|0.1236|-0.3515|2026-10-04T09:27:48.328016
atlanta|2026-09-29|334|28.89|15.56|13.33|26.67|2.22|16.67|11.11|5.56|69.72|1016.8|12.22|0.86|2|3.63|9.00|0.000|1.90|-0.6320|0.2528|2026-10-04T09:27:48.328016
atlanta|2026-09-30|341|30.0|16.67|13.33|28.89|1.11|16.67|13.89|2.78|83.67|1018.9|13.33|3.47|8|5.02|9.00|0.000|2.10|-0.7133|0.4164|2026-10-04T09:27:48.328016
atlanta|2026-10-01|345|29.44|18|11.44|30.0|-0.56|18.89|18.89|0.00|100.0|1019.7|10.55|5.47|8|6.62|11.00|0.000|0.80|-0.7652|0.5213|2026-10-04T09:27:48.328016
atlanta|2026-10-02|343|28.33|21|7.33|29.44|-1.11|21.67|20.0|1.67|90.26|1019.5|6.66|6.15|8|3.13|11.00|0.000|-0.20|-0.4645|0.6847|2026-10-04T09:27:48.328016
atlanta|2026-10-03|353|28.89|21|7.89|28.33|0.56|21.67|21.67|0.00|100.0|1018.8|7.22|4.12|8|4.53|13.00|0.222|-0.70|0.5790|-0.0505|2026-10-04T09:27:48.328016
atlanta|2026-10-04|60|23.89|23|0.89|28.89|-5.00|~|~|~|~|~|~|~|~|~|~|0.000|~|~|~|2026-10-04T09:27:48.328016
austin|2026-09-02|24|37.78|23.33|14.45|37.78|0.00|25.0|22.22|2.78|84.61|~|12.78|2.89|4|5.00|8.00|0.000|~|0.6690|0.6922|2026-10-04T09:27:48.328016
austin|2026-09-03|24|37.22|26.67|10.55|37.78|-0.56|27.78|23.89|3.89|79.45|~|9.44|3.40|6|9.40|19.00|0.000|~|-0.2333|0.7397|2026-10-04T09:27:48.328016
austin|2026-09-04|27|35.0|26.67|8.33|37.22|-2.22|26.67|24.44|2.23|87.66|~|8.33|2.36|6|6.09|10.00|0.000|~|-0.3377|0.7625|2026-10-04T09:27:48.328016
austin|2026-09-05|31|37.78|22.78|15.00|35.0|2.78|25.0|23.33|1.67|90.5|~|12.78|3.20|6|5.30|8.00|0.000|~|-0.1933|0.4510|2026-10-04T09:27:48.328016
austin|2026-09-06|133|35.56|25|10.56|37.78|-2.22|25.56|23.33|2.23|87.56|~|10.00|5.93|8|5.07|14.00|0.000|~|0.0727|0.4268|2026-10-04T09:27:48.328016
austin|2026-09-07|24|38.33|23.33|15.00|35.56|2.77|25.0|23.33|1.67|90.5|~|13.33|3.56|4|4.78|8.00|0.000|~|-0.2914|0.6585|2026-10-04T09:27:48.328016
austin|2026-09-08|24|37.78|24.44|13.34|38.33|-0.55|25.0|23.33|1.67|90.5|~|12.78|3.78|6|7.22|11.00|0.000|~|0.0183|0.9191|2026-10-04T09:27:48.328016
austin|2026-09-09|28|37.22|24.44|12.78|37.78|-0.56|25.56|23.89|1.67|90.54|~|11.66|4.55|6|7.73|14.00|0.000|~|-0.3423|0.7830|2026-10-04T09:27:48.328016
austin|2026-09-10|24|37.78|23.89|13.89|37.22|0.56|24.44|22.78|1.66|90.46|~|13.34|3.78|4|6.44|10.00|0.000|~|0.1473|0.8954|2026-10-04T09:27:48.328016
austin|2026-09-11|33|38.89|25.0|13.89|37.78|1.11|25.56|24.44|1.12|93.6|~|13.33|2.83|6|7.92|12.00|0.000|~|0.1158|0.9373|2026-10-04T09:27:48.328016
austin|2026-09-12|177|37.78|25.0|12.78|38.89|-1.11|25.56|23.89|1.67|90.54|~|12.22|2.53|8|8.64|13.00|0.000|~|-0.1216|0.8721|2026-10-04T09:27:48.328016
austin|2026-09-13|344|37.78|24|13.78|37.78|0.00|25.0|24.44|0.56|96.74|~|12.78|4.26|8|9.50|18.00|0.000|~|-0.0604|0.9363|2026-10-04T09:27:48.328016
austin|2026-09-14|341|38.33|25.0|13.33|37.78|0.55|26.11|25.0|1.11|93.63|~|12.22|3.36|6|10.09|15.00|0.000|~|-0.1442|0.9445|2026-10-04T09:27:48.328016
austin|2026-09-15|343|38.89|25.56|13.33|38.33|0.56|25.56|24.44|1.12|93.6|~|13.33|0.66|4|10.77|15.00|0.000|~|-0.1444|0.9429|2026-10-04T09:27:48.328016
austin|2026-09-16|349|37.22|22.78|14.44|38.89|-1.67|25.56|22.78|2.78|84.67|~|11.66|4.31|8|6.02|11.00|0.000|~|-0.5487|0.4338|2026-10-04T09:27:48.328016
austin|2026-09-17|338|35.56|23|12.56|37.22|-1.66|24.44|22.78|1.66|90.46|~|11.12|5.09|8|6.70|13.00|0.000|~|-0.8730|-0.1471|2026-10-04T09:27:48.328016
austin|2026-09-18|339|36.11|22|14.11|35.56|0.55|23.33|22.22|1.11|93.49|~|12.78|2.58|6|7.21|13.00|0.000|~|-0.8424|0.1120|2026-10-04T09:27:48.328016
austin|2026-09-19|336|36.11|22|14.11|36.11|0.00|23.33|21.11|2.22|87.36|~|12.78|2.90|8|4.75|10.00|0.000|~|-0.2870|0.7201|2026-10-04T09:27:48.328016
austin|2026-09-20|336|35.56|21|14.56|36.11|-0.55|23.33|21.11|2.22|87.36|~|12.23|3.11|6|5.38|9.99|0.000|~|0.0254|0.6370|2026-10-04T09:27:48.328016
austin|2026-09-21|336|37.22|23|14.22|35.56|1.66|24.44|21.67|2.77|84.55|1012.9|12.78|1.19|6|5.19|11.00|0.000|~|-0.3583|0.4993|2026-10-04T09:27:48.328016
austin|2026-09-22|336|37.22|22|15.22|37.22|0.00|23.33|21.11|2.22|87.36|1014.6|13.89|1.31|6|4.83|11.99|0.000|1.70|-0.7268|-0.1593|2026-10-04T09:27:48.328016
austin|2026-09-23|338|35|23|12|37.22|-2.22|23.89|21.11|2.78|84.49|1016|11.11|3.40|8|5.87|14.00|0.000|1.40|-0.4621|0.1152|2026-10-04T09:27:48.328016
austin|2026-09-24|335|36.11|22|14.11|35|1.11|22.78|21.67|1.11|93.47|1017.8|13.33|3.73|6|5.95|12.00|0.000|1.80|-0.8705|0.1785|2026-10-04T09:27:48.328016
austin|2026-09-25|341|36.11|22|14.11|36.11|0.00|22.78|21.67|1.11|93.47|1017.4|13.33|1.91|6|4.83|11.00|0.000|-0.40|-0.8122|-0.1980|2026-10-04T09:27:48.328016
austin|2026-09-26|342|33.33|22|11.33|36.11|-2.78|22.78|21.11|1.67|90.34|1015.9|10.55|2.75|8|4.03|9.00|0.000|-1.50|-0.2887|0.3668|2026-10-04T09:27:48.328016
austin|2026-09-27|337|36.11|19|17.11|33.33|2.78|21.11|18.89|2.22|87.16|1013.8|15.00|0.48|6|4.97|9.99|0.000|-2.10|-0.1681|0.6512|2026-10-04T09:27:48.328016
austin|2026-09-28|335|36.11|21|15.11|36.11|0.00|22.22|20.0|2.22|87.26|1012.3|13.89|2.21|8|5.83|11.99|0.000|-1.50|-0.5883|0.5503|2026-10-04T09:27:48.328016
austin|2026-09-29|343|36.67|23|13.67|36.11|0.56|23.89|22.22|1.67|90.42|1011.3|12.78|4.11|8|8.44|15.01|0.000|-1.00|-0.3487|0.8579|2026-10-04T09:27:48.328016
austin|2026-09-30|349|35.0|25|10.0|36.67|-1.67|25.0|23.89|1.11|93.57|1009.9|10.0|4.40|8|11.73|17.00|0.397|-1.40|-0.2085|0.9386|2026-10-04T09:27:48.328016
austin|2026-10-01|349|30.56|22.78|7.78|35.0|-4.44|26.11|25.0|1.11|93.63|~|4.45|6.59|8|6.16|12.00|3.603|~|0.0027|0.2203|2026-10-04T09:27:48.328016
austin|2026-10-02|362|25.56|23|2.56|30.56|-5.00|23.33|22.78|0.55|96.7|1013.2|2.23|7.39|8|4.51|9.00|0.889|~|-0.2716|-0.7448|2026-10-04T09:27:48.328016
austin|2026-10-03|341|25.56|23|2.56|25.56|0.00|24.44|22.78|1.66|90.46|1014.8|1.12|8.00|8|10.95|14.00|0.000|1.60|-0.0207|-0.9840|2026-10-04T09:27:48.328016
austin|2026-10-04|49|23.89|23|0.89|25.56|-1.67|~|~|~|~|~|~|~|~|~|~|0.000|~|~|~|2026-10-04T09:27:48.328016
beijing|2026-09-02|48|31.0|16.0|15.0|30.0|1.0|24.0|17.0|7.0|64.96|~|7.0|2.00|2|3.78|5.83|0.000|~|0.3080|0.4966|2026-10-04T02:39:31.939348
beijing|2026-09-03|48|32.0|18.0|14.0|31.0|1.0|23.0|17.0|6.0|68.99|~|9.0|~|~|3.89|5.83|0.000|~|-0.2222|0.3012|2026-10-04T09:27:48.328016
beijing|2026-09-04|48|33.0|17.0|16.0|32.0|1.0|23.0|15.0|8.0|60.72|~|10.0|~|~|3.89|7.78|0.000|~|0.1956|-0.6523|2026-10-04T09:27:48.328016
beijing|2026-09-05|48|33.0|18.0|15.0|33.0|0.0|24.0|19.0|5.0|73.66|~|9.0|~|~|3.67|5.83|0.000|~|-0.3887|0.8429|2026-10-04T09:27:48.328016
beijing|2026-09-06|48|31.0|20.0|11.0|33.0|-2.0|25.0|20.0|5.0|73.83|~|6.0|0.00|0|4.43|5.83|0.000|~|-0.4629|0.8301|2026-10-04T09:27:48.328016
beijing|2026-09-07|48|29.0|17.0|12.0|31.0|-2.0|24.0|20.0|4.0|78.38|~|5.0|2.67|4|5.72|11.66|0.000|~|-0.6005|-0.7184|2026-10-04T09:27:48.328016
beijing|2026-09-08|48|25.0|15.0|10.0|29.0|-4.0|18.0|15.0|3.0|82.63|~|7.0|0.00|0|5.18|7.78|0.000|~|0.4862|-0.3477|2026-10-04T09:27:48.328016
beijing|2026-09-09|48|27.0|14.0|13.0|25.0|2.0|19.0|10.0|9.0|55.91|~|8.0|~|~|4.64|7.78|0.000|~|-0.4038|-0.6698|2026-10-04T09:27:48.328016
beijing|2026-09-10|48|31.0|12.0|19.0|27.0|4.0|19.0|11.0|8.0|59.76|~|12.0|~|~|5.18|7.78|0.000|~|0.6162|-0.1603|2026-10-04T09:27:48.328016
beijing|2026-09-11|48|32.0|13.0|19.0|31.0|1.0|20.0|12.0|8.0|60.0|~|12.0|~|~|4.86|9.72|0.000|~|0.1033|0.1817|2026-10-04T09:27:48.328016
beijing|2026-09-12|48|28.0|13.0|15.0|32.0|-4.0|19.0|15.0|4.0|77.62|~|9.0|~|~|5.83|9.72|0.000|~|-0.2189|0.9479|2026-10-04T09:27:48.328016
beijing|2026-09-13|48|31.0|14.0|17.0|28.0|3.0|23.0|14.0|9.0|56.92|~|8.0|~|~|4.64|7.78|0.000|~|0.0219|-0.8960|2026-10-04T09:27:48.328016
beijing|2026-09-14|48|26.0|13.0|13.0|31.0|-5.0|20.0|7.0|13.0|42.87|~|6.0|~|~|4.32|5.83|0.000|~|-0.4838|0.3499|2026-10-04T09:27:48.328016
beijing|2026-09-15|48|28.0|12.0|16.0|26.0|2.0|19.0|12.0|7.0|63.85|~|9.0|~|~|4.53|5.83|0.000|~|-0.0158|0.4556|2026-10-04T09:27:48.328016
beijing|2026-09-16|48|31.0|16.0|15.0|28.0|3.0|21.0|17.0|4.0|77.93|~|10.0|~|~|4.75|7.78|0.000|~|-0.3881|0.6355|2026-10-04T09:27:48.328016
beijing|2026-09-17|48|31.0|17.0|14.0|31.0|0.0|21.0|20.0|1.0|94.02|~|10.0|4.67|8|4.10|7.78|0.000|~|-0.5220|0.6785|2026-10-04T09:27:48.328016
beijing|2026-09-18|48|28.0|20.0|8.0|31.0|-3.0|22.0|18.0|4.0|78.08|~|6.0|5.09|6|4.86|7.78|0.000|~|-0.6031|0.6027|2026-10-04T09:27:48.328016
beijing|2026-09-19|48|28.0|19.0|9.0|28.0|0.0|21.0|17.0|4.0|77.93|~|7.0|4.50|6|4.43|7.78|0.000|~|-0.2055|0.9433|2026-10-04T09:27:48.328016
beijing|2026-09-20|48|30.0|19.0|11.0|28.0|2.0|23|19|4|78.23|~|7.0|~|~|4.75|5.83|0.000|~|-0.4651|0.2973|2026-10-04T09:27:48.328016
beijing|2026-09-21|48|31.0|16|15.0|30.0|1.0|21|18|3|83|~|10.0|~|~|4.00|5.83|0.000|~|0.1095|0.4090|2026-10-04T09:27:48.328016
beijing|2026-09-22|48|30.0|15.0|15.0|31.0|-1.0|21.0|16.0|5.0|73.13|~|9.0|~|~|6.59|9.72|0.000|~|0.2722|0.9515|2026-10-04T09:27:48.328016
beijing|2026-09-23|48|31.0|17.0|14.0|30.0|1.0|21|18|3|83|~|10.0|0.00|0|4.64|7.78|0.000|~|0.1378|0.8824|2026-10-04T09:27:48.328016
beijing|2026-09-24|49|25|19|6|31.0|-6.0|24|16|8|60.96|~|1|4.63|8|5.12|13.61|0.000|~|-0.3875|0.4105|2026-10-04T09:27:48.328016
beijing|2026-09-25|48|26|19.0|7.0|25|1|20|18|2|88.28|~|6|5.78|8|3.99|5.83|0.000|~|-0.2713|0.8716|2026-10-04T09:27:48.328016
beijing|2026-09-26|55|27.0|17.0|10.0|26|1.0|20.0|18.0|2.0|88.28|~|7.0|5.20|6|2.70|5.83|0.000|~|-0.0725|0.4471|2026-10-04T09:27:48.328016
beijing|2026-09-27|48|28.0|14.0|14.0|27.0|1.0|20.0|17.0|3.0|82.88|~|8.0|4.00|6|8.10|13.61|0.000|~|0.7319|-0.6208|2026-10-04T09:27:48.328016
beijing|2026-09-28|48|25.0|12.0|13.0|28.0|-3.0|16.0|11.0|5.0|72.21|~|9.0|5.43|6|5.40|9.72|0.000|~|0.0092|0.6868|2026-10-04T09:27:48.328016
beijing|2026-09-29|48|27.0|17.0|10.0|25.0|2.0|19.0|18.0|1.0|93.93|~|8.0|2.20|4|4.64|9.72|0.000|~|0.1699|0.8617|2026-10-04T09:27:48.328016
beijing|2026-09-30|49|20.0|13.0|7.0|27.0|-7.0|17.0|-3.0|20.0|25.31|~|3.0|~|~|11.05|13.61|0.000|~|0.7161|-0.6119|2026-10-04T09:27:48.328016
beijing|2026-10-01|49|23.0|8.0|15.0|20.0|3.0|16.0|-9.0|25.0|17.06|~|7.0|~|~|10.48|13.61|0.000|~|0.9037|-0.3551|2026-10-04T09:27:48.328016
beijing|2026-10-02|49|23.0|6.0|17.0|23.0|0.0|14.0|6.0|8.0|58.52|~|9.0|~|~|6.04|9.72|0.000|~|-0.4480|0.6512|2026-10-04T09:27:48.328016
beijing|2026-10-03|49|23.0|9.0|14.0|23.0|0.0|14.0|10.0|4.0|76.83|~|9.0|~|~|8.39|23.33|0.000|~|0.2678|0.4882|2026-10-04T09:27:48.328016
beijing|2026-10-04|33|21.0|12.0|9.0|23.0|-2.0|17.0|1.0|16.0|33.93|~|4.0|~|~|12.83|17.49|0.000|~|0.3830|-0.8693|2026-10-04T09:27:48.328016
buenos_aires|2026-09-02|28|24.0|11.0|13.0|21.0|3.0|13.0|12.0|1.0|93.65|~|11.0|2.67|4|12.56|15.00|0.000|~|0.2457|-0.9550|2026-10-04T09:27:48.328016
buenos_aires|2026-09-03|27|18.0|10.0|8.0|24.0|-6.0|12.0|12.0|0.0|100.0|~|6.0|2.00|2|11.22|16.00|0.000|~|0.8931|-0.2759|2026-10-04T09:27:48.328016
buenos_aires|2026-09-04|24|18.0|3.0|15.0|18.0|0.0|4.0|4.0|0.0|100.0|~|14.0|~|~|7.11|10.00|0.000|~|0.9651|-0.1019|2026-10-04T09:27:48.328016
buenos_aires|2026-09-05|25|13.0|3.0|10.0|18.0|-5.0|5.0|3.0|2.0|86.89|~|8.0|4.25|6|10.44|12.00|0.000|~|0.6349|0.7548|2026-10-04T09:27:48.328016
buenos_aires|2026-09-06|24|12.0|0.0|12.0|13.0|-1.0|1.0|0.0|1.0|93.02|~|11.0|6.00|6|5.11|8.00|0.000|~|-0.1355|0.8831|2026-10-04T09:27:48.328016
buenos_aires|2026-09-07|24|13.0|0.0|13.0|12.0|1.0|2.0|1.0|1.0|93.08|~|11.0|5.75|6|7.22|9.00|0.000|~|-0.3836|-0.7783|2026-10-04T09:27:48.328016
buenos_aires|2026-09-08|24|19.0|8.0|11.0|13.0|6.0|10.0|5.0|5.0|71.06|~|9.0|~|~|7.00|9.00|0.000|~|0.3974|-0.7529|2026-10-04T09:27:48.328016
buenos_aires|2026-09-09|25|20.0|5.0|15.0|19.0|1.0|8.0|6.0|2.0|87.18|~|12.0|~|~|8.00|10.00|0.000|~|-0.6369|-0.7332|2026-10-04T09:27:48.328016
buenos_aires|2026-09-10|24|21.0|7.0|14.0|20.0|1.0|11.0|8.0|3.0|81.74|~|10.0|~|~|5.33|9.00|0.000|~|-0.6210|-0.6708|2026-10-04T09:27:48.328016
buenos_aires|2026-09-11|26|19.0|9.0|10.0|21.0|-2.0|9.0|9.0|0.0|100.0|~|10.0|2.29|4|5.33|7.00|0.000|~|-0.2640|0.9226|2026-10-04T09:27:48.328016
buenos_aires|2026-09-12|27|12.0|6.0|6.0|19.0|-7.0|8.0|7.0|1.0|93.4|~|4.0|4.89|8|10.44|11.00|0.000|~|-0.1540|0.9797|2026-10-04T09:27:48.328016
buenos_aires|2026-09-13|24|13.0|-1.0|14.0|12.0|1.0|2.0|0.0|2.0|86.58|~|11.0|2.00|2|6.11|8.00|0.000|~|-0.4876|0.7539|2026-10-04T09:27:48.328016
buenos_aires|2026-09-14|25|16.0|-3.0|19.0|13.0|3.0|2.0|1.0|1.0|93.08|~|14.0|0.00|0|6.22|9.00|0.000|~|0.2139|-0.6344|2026-10-04T09:27:48.328016
buenos_aires|2026-09-15|24|19.0|7.0|12.0|16.0|3.0|11.0|8.0|3.0|81.74|~|8.0|2.67|4|10.00|12.00|0.000|~|0.3796|0.4652|2026-10-04T09:27:48.328016
buenos_aires|2026-09-16|24|14.0|1.0|13.0|19.0|-5.0|5.0|1.0|4.0|75.32|~|9.0|3.00|4|10.78|13.00|0.000|~|-0.8317|-0.3870|2026-10-04T09:27:48.328016
buenos_aires|2026-09-17|24|26.0|7.0|19.0|14.0|12.0|13.0|10.0|3.0|82.0|~|13.0|~|~|8.67|10.00|0.000|~|0.1463|-0.9210|2026-10-04T09:27:48.328016
buenos_aires|2026-09-18|24|24.0|9.0|15.0|26.0|-2.0|16.0|11.0|5.0|72.21|~|8.0|~|~|9.44|11.00|0.000|~|-0.7182|-0.6481|2026-10-04T09:27:48.328016
buenos_aires|2026-09-19|24|25.0|13.0|12.0|24.0|1.0|17.0|13.0|4.0|77.31|~|8.0|~|~|7.22|10.00|0.000|~|-0.7661|-0.6192|2026-10-04T09:27:48.328016
buenos_aires|2026-09-20|28|25|12|13|25.0|0.0|16|15|1|93.79|~|9|4.00|6|10.38|15.00|0.000|~|0.4529|-0.0864|2026-10-04T09:27:48.328016
buenos_aires|2026-09-21|25|16|8.0|8.0|25|-9|12|2|10|50.35|~|4|5.60|6|16.70|19.00|0.000|~|0.9396|0.3006|2026-10-04T09:27:48.328016
buenos_aires|2026-09-22|24|14|3|11|16|-2|5.0|3.0|2.0|86.89|~|9.0|5.43|6|7.44|9.00|0.000|~|0.5659|0.7220|2026-10-04T09:27:48.328016
buenos_aires|2026-09-23|24|20|2|18|14|6|9|3|6|66.04|~|11|~|~|12.56|14.00|0.000|~|-0.0493|-0.9813|2026-10-04T09:27:48.328016
buenos_aires|2026-09-24|24|26|12|14|20|6|14|4|10|50.91|~|12|~|~|10.67|12.00|0.000|~|0.1362|-0.9808|2026-10-04T09:27:48.328016
buenos_aires|2026-09-25|24|27.0|14.0|13.0|26|1.0|17.0|11.0|6.0|67.76|~|10.0|~|~|6.22|10.00|0.000|~|0.7112|0.6058|2026-10-04T09:27:48.328016
buenos_aires|2026-09-26|24|24.0|12.0|12.0|27.0|-3.0|16.0|10.0|6.0|67.55|~|8.0|~|~|14.22|16.00|0.000|~|-0.9943|-0.0321|2026-10-04T09:27:48.328016
buenos_aires|2026-09-27|34|17.0|13.0|4.0|24.0|-7.0|16.0|8.0|8.0|59.02|~|1.0|3.47|6|15.47|21.00|0.000|~|-0.9120|-0.2653|2026-10-04T09:27:48.328016
buenos_aires|2026-09-28|24|21.0|15.0|6.0|17.0|4.0|16.0|14.0|2.0|87.93|~|5.0|5.00|6|9.67|15.00|0.000|~|-0.9718|-0.0374|2026-10-04T09:27:48.328016
buenos_aires|2026-09-29|35|19.0|12.0|7.0|21.0|-2.0|15.0|15.0|0.0|100.0|~|4.0|6.00|8|9.55|13.00|0.000|~|0.4870|0.8458|2026-10-04T09:27:48.328016
buenos_aires|2026-09-30|25|17.0|6.0|11.0|19.0|-2.0|9.0|9.0|0.0|100.0|~|8.0|4.20|6|5.70|9.00|0.000|~|0.6652|0.5301|2026-10-04T09:27:48.328016
buenos_aires|2026-10-01|24|15.0|6.0|9.0|17.0|-2.0|10.0|7.0|3.0|81.6|~|5.0|5.56|8|9.00|11.00|0.000|~|0.7663|0.6262|2026-10-04T09:27:48.328016
buenos_aires|2026-10-02|24|18.0|2.0|16.0|15.0|3.0|9.0|6.0|3.0|81.47|~|9.0|4.40|6|9.11|12.00|0.000|~|-0.7494|-0.6397|2026-10-04T09:27:48.328016
buenos_aires|2026-10-03|32|18.0|9.0|9.0|18.0|0.0|12.0|11.0|1.0|93.6|~|6.0|5.82|8|7.18|11.00|0.000|~|-0.3806|-0.6845|2026-10-04T09:27:48.328016
buenos_aires|2026-10-04|12|10.0|7.0|3.0|18.0|-8.0|~|~|~|~|~|~|~|~|~|~|0.000|~|~|~|2026-10-04T09:27:48.328016
busan|2026-09-02|24|32.0|25.0|7.0|32.0|0.0|27.0|25.0|2.0|88.86|~|5.0|2.67|4|5.44|9.00|0.000|~|0.2152|0.7188|2026-10-04T02:39:32.356137
busan|2026-09-03|24|31.0|25.0|6.0|32.0|-1.0|27.0|24.0|3.0|83.7|~|4.0|2.44|4|8.56|14.00|0.000|~|-0.7738|-0.5893|2026-10-04T09:27:48.328016
busan|2026-09-04|24|29.0|24.0|5.0|31.0|-2.0|26.0|18.0|8.0|61.42|~|3.0|2.67|4|17.67|19.00|0.000|~|-0.7577|-0.6309|2026-10-04T09:27:48.328016
busan|2026-09-05|24|29.0|23.0|6.0|29.0|0.0|26.0|18.0|8.0|61.42|~|3.0|3.78|4|12.78|14.00|0.000|~|-0.8677|-0.4742|2026-10-04T09:27:48.328016
busan|2026-09-06|25|29.0|24.0|5.0|29.0|0.0|26.0|18.0|8.0|61.42|~|3.0|5.11|6|13.56|16.00|0.000|~|-0.7666|-0.6321|2026-10-04T09:27:48.328016
busan|2026-09-07|16|29.0|22.0|7.0|29.0|0.0|26.0|19.0|7.0|65.39|~|3.0|2.75|4|10.89|13.00|0.000|~|-0.4790|-0.8758|2026-10-04T09:27:48.328016
busan|2026-09-08|24|30.0|19.0|11.0|29.0|1.0|22.0|17.0|5.0|73.3|~|8.0|2.00|2|8.44|13.00|0.000|~|-0.4394|-0.6989|2026-10-04T09:27:48.328016
busan|2026-09-09|24|26.0|20.0|6.0|30.0|-4.0|23.0|14.0|9.0|56.92|~|3.0|5.43|6|14.67|18.00|0.000|~|-0.6459|-0.7389|2026-10-04T09:27:48.328016
busan|2026-09-10|24|27.0|18.0|9.0|26.0|1.0|22.0|13.0|9.0|56.67|~|5.0|2.50|4|11.67|14.00|0.000|~|-0.7922|-0.5704|2026-10-04T09:27:48.328016
busan|2026-09-11|24|29.0|19.0|10.0|27.0|2.0|21.0|16.0|5.0|73.13|~|8.0|2.25|4|6.67|9.00|0.000|~|-0.7149|-0.5032|2026-10-04T09:27:48.328016
busan|2026-09-12|24|30.0|18.0|12.0|29.0|1.0|21.0|18.0|3.0|83.0|~|9.0|2.00|2|5.00|7.00|0.000|~|-0.5899|-0.2471|2026-10-04T09:27:48.328016
busan|2026-09-13|19|30.0|21.0|9.0|30.0|0.0|23.0|19.0|4.0|78.23|~|7.0|2.80|4|6.80|12.00|0.000|~|0.4249|0.4622|2026-10-04T09:27:48.328016
busan|2026-09-14|24|31.0|22.0|9.0|30.0|1.0|24.0|18.0|6.0|69.19|~|7.0|2.00|2|6.67|11.00|0.000|~|-0.0029|0.0170|2026-10-04T09:27:48.328016
busan|2026-09-15|26|29.0|20.0|9.0|31.0|-2.0|22.0|17.0|5.0|73.3|~|7.0|4.60|6|6.55|9.00|0.000|~|-0.5650|-0.2088|2026-10-04T09:27:48.328016
busan|2026-09-16|24|29.0|21.0|8.0|29.0|0.0|22.0|17.0|5.0|73.3|~|7.0|2.22|4|10.78|13.00|0.000|~|-0.8684|-0.4464|2026-10-04T09:27:48.328016
busan|2026-09-17|24|28.0|19.0|9.0|29.0|-1.0|24.0|16.0|8.0|60.96|~|4.0|3.78|6|10.33|12.00|0.000|~|-0.9170|-0.3433|2026-10-04T09:27:48.328016
busan|2026-09-18|28|27.0|21.0|6.0|28.0|-1.0|22.0|18.0|4.0|78.08|~|5.0|3.00|4|8.70|12.00|0.000|~|-0.8133|-0.5222|2026-10-04T09:27:48.328016
busan|2026-09-19|24|28.0|20.0|8.0|27.0|1.0|24.0|19.0|5.0|73.66|~|4.0|5.11|6|11.44|14.00|0.000|~|-0.5684|-0.8048|2026-10-04T09:27:48.328016
busan|2026-09-20|24|28|18.0|10.0|28.0|0.0|22.0|17.0|5.0|73.3|~|6.0|2.22|4|10.44|13.00|0.000|~|-0.5720|-0.8081|2026-10-04T09:27:48.328016
busan|2026-09-21|24|28|18|10|28|0|21|16|5|73.13|~|7|2.44|4|10.44|13.00|0.000|~|-0.5780|-0.7601|2026-10-04T09:27:48.328016
busan|2026-09-22|24|28|18|10|28|0|23.0|17.0|6.0|68.99|~|5.0|2.00|2|12.00|16.00|0.000|~|-0.7558|-0.6531|2026-10-04T09:27:48.328016
busan|2026-09-23|24|28|17|11|28|0|21|17|4|77.93|~|7|2.00|2|6.33|8.00|0.000|~|-0.1725|-0.0103|2026-10-04T09:27:48.328016
busan|2026-09-24|26|30|18|12|28|2|20|17|3|82.88|~|10|2.00|2|6.45|11.00|0.000|~|0.5483|0.3433|2026-10-04T09:27:48.328016
busan|2026-09-25|33|27|21|6|30|-3|23|19|4|78.23|~|4|2.18|4|6.73|8.00|0.000|~|-0.8786|-0.3989|2026-10-04T09:27:48.328016
busan|2026-09-26|27|22.0|18.0|4.0|27|-5.0|19.0|18.0|1.0|93.93|~|3.0|2.36|6|2.73|5.00|0.000|~|0.6445|-0.6807|2026-10-04T09:27:48.328016
busan|2026-09-27|38|24.0|20.0|4.0|22.0|2.0|21.0|19.0|2.0|88.36|~|3.0|2.63|4|2.89|5.00|0.000|~|0.1795|-0.6590|2026-10-04T09:27:48.328016
busan|2026-09-28|28|26.0|21.0|5.0|24.0|2.0|22.0|21.0|1.0|94.07|~|4.0|2.00|2|4.44|6.00|0.000|~|0.7095|-0.6391|2026-10-04T09:27:48.328016
busan|2026-09-29|29|25.0|19.0|6.0|26.0|-1.0|22.0|19.0|3.0|83.12|~|3.0|3.50|6|10.08|13.00|0.000|~|-0.7613|-0.5915|2026-10-04T09:27:48.328016
busan|2026-09-30|26|27.0|16.0|11.0|25.0|2.0|19.0|17.0|2.0|88.19|~|8.0|2.00|2|5.20|9.00|0.000|~|0.3087|0.6939|2026-10-04T09:27:48.328016
busan|2026-10-01|24|26.0|16.0|10.0|27.0|-1.0|21.0|18.0|3.0|83.0|~|5.0|4.00|6|3.89|7.00|0.000|~|0.6871|-0.2652|2026-10-04T09:27:48.328016
busan|2026-10-02|24|25.0|12.0|13.0|26.0|-1.0|16.0|9.0|7.0|63.16|~|9.0|2.00|2|5.33|7.00|0.000|~|0.5300|-0.3076|2026-10-04T09:27:48.328016
busan|2026-10-03|24|25.0|14.0|11.0|25.0|0.0|16.0|11.0|5.0|72.21|~|9.0|2.44|4|9.44|13.00|0.000|~|-0.8635|-0.3245|2026-10-04T09:27:48.328016
busan|2026-10-04|19|26.0|16.0|10.0|25.0|1.0|18.0|13.0|5.0|72.58|~|8.0|3.60|6|6.70|11.00|0.000|~|-0.5765|-0.2655|2026-10-04T09:27:48.328016
cape_town|2026-09-02|25|19.0|9.0|10.0|20.0|-1.0|13.0|9.0|4.0|76.67|~|6.0|2.00|2|14.44|19.00|0.000|~|0.1817|0.9695|2026-10-04T02:39:32.573409
cape_town|2026-09-03|30|17.0|11.0|6.0|19.0|-2.0|12.0|11.0|1.0|93.6|~|5.0|3.50|8|17.83|28.00|0.000|~|-0.2632|0.9091|2026-10-04T09:27:48.328016
cape_town|2026-09-04|30|20.0|13.0|7.0|17.0|3.0|14.0|7.0|7.0|62.7|~|6.0|2.00|2|22.62|28.00|0.000|~|-0.5670|0.8191|2026-10-04T09:27:48.328016
cape_town|2026-09-05|30|25.0|10.0|15.0|20.0|5.0|12.0|2.0|10.0|50.35|~|13.0|~|~|11.00|20.00|0.000|~|-0.6025|0.6822|2026-10-04T09:27:48.328016
cape_town|2026-09-06|27|27.0|15.0|12.0|25.0|2.0|15.0|9.0|6.0|67.34|~|12.0|~|~|7.27|15.00|0.000|~|0.4236|0.7812|2026-10-04T09:27:48.328016
cape_town|2026-09-07|28|29.0|13.0|16.0|27.0|2.0|16.0|12.0|4.0|77.15|~|13.0|~|~|4.64|10.00|0.000|~|0.1409|0.4568|2026-10-04T09:27:48.328016
cape_town|2026-09-08|32|29.0|12.0|17.0|29.0|0.0|16.0|12.0|4.0|77.15|~|13.0|~|~|5.73|11.00|0.000|~|-0.1531|0.5779|2026-10-04T09:27:48.328016
cape_town|2026-09-09|34|17.0|13.0|4.0|29.0|-12.0|14.0|14.0|0.0|100.0|~|3.0|7.69|8|12.46|16.00|0.000|~|0.0161|0.9969|2026-10-04T09:27:48.328016
cape_town|2026-09-10|26|19.0|14.0|5.0|17.0|2.0|15.0|13.0|2.0|87.84|~|4.0|3.20|6|13.80|18.00|0.000|~|0.1198|0.9838|2026-10-04T09:27:48.328016
cape_town|2026-09-11|24|24.0|15.0|9.0|19.0|5.0|17.0|12.0|5.0|72.4|~|7.0|2.00|2|17.33|22.00|0.000|~|-0.0916|0.9877|2026-10-04T09:27:48.328016
cape_town|2026-09-12|26|19.0|15.0|4.0|24.0|-5.0|17.0|12.0|5.0|72.4|~|2.0|2.50|6|11.10|18.00|0.000|~|-0.0309|0.9563|2026-10-04T09:27:48.328016
cape_town|2026-09-13|32|25.0|14.0|11.0|19.0|6.0|15.0|13.0|2.0|87.84|~|10.0|3.33|4|7.31|17.00|0.000|~|0.4985|0.1050|2026-10-04T09:27:48.328016
cape_town|2026-09-14|28|18.0|14.0|4.0|25.0|-7.0|15.0|13.0|2.0|87.84|~|3.0|3.27|6|15.00|17.00|0.000|~|0.2923|-0.9041|2026-10-04T09:27:48.328016
cape_town|2026-09-15|32|18.0|13.0|5.0|18.0|0.0|14.0|11.0|3.0|82.13|~|4.0|3.64|6|23.91|29.00|0.000|~|0.5453|-0.8200|2026-10-04T09:27:48.328016
cape_town|2026-09-16|25|18.0|11.0|7.0|18.0|0.0|12.0|9.0|3.0|81.87|~|6.0|2.00|2|20.00|26.00|0.000|~|-0.2325|0.9639|2026-10-04T09:27:48.328016
cape_town|2026-09-17|32|20.0|13.0|7.0|18.0|2.0|14.0|7.0|7.0|62.7|~|6.0|2.29|4|21.36|25.00|0.000|~|-0.5526|0.8131|2026-10-04T09:27:48.328016
cape_town|2026-09-18|29|22.0|11.0|11.0|20.0|2.0|15.0|5.0|10.0|51.18|~|7.0|2.00|2|19.23|23.00|0.000|~|-0.5608|0.7792|2026-10-04T09:27:48.328016
cape_town|2026-09-19|26|23.0|13.0|10.0|22.0|1.0|13.0|9.0|4.0|76.67|~|10.0|~|~|8.64|14.00|0.000|~|0.4615|0.8642|2026-10-04T09:27:48.328016
cape_town|2026-09-20|28|26|13|13|23.0|3.0|15|12|3|82.26|~|11|~|~|6.08|10.00|0.000|~|0.3025|0.9368|2026-10-04T09:27:48.328016
cape_town|2026-09-21|25|27|14|13|26|1|16|13|3|82.38|~|11|~|~|9.50|14.00|0.000|~|-0.2200|0.8672|2026-10-04T09:27:48.328016
cape_town|2026-09-22|30|32|16.0|16.0|27|5|23|16|7|64.74|~|9|2.00|2|13.30|21.00|0.000|~|0.4789|-0.7616|2026-10-04T09:27:48.328016
cape_town|2026-09-23|38|20|14.0|6.0|32|-12|14|14|0|100|~|6|5.54|6|7.85|14.00|0.000|~|0.2100|0.7156|2026-10-04T09:27:48.328016
cape_town|2026-09-24|24|23|13|10|20|3|15|14|1|93.74|~|8|2.00|2|7.56|12.00|0.000|~|0.7137|-0.4399|2026-10-04T09:27:48.328016
cape_town|2026-09-25|24|23.0|13|10.0|23|0.0|15|14|1|93.74|~|8.0|4.00|6|8.11|11.00|0.000|~|0.5940|-0.7771|2026-10-04T09:27:48.328016
cape_town|2026-09-26|24|21.0|14.0|7.0|23.0|-2.0|15.0|15.0|0.0|100.0|~|6.0|4.67|6|14.44|18.00|0.000|~|0.0848|0.9888|2026-10-04T09:27:48.328016
cape_town|2026-09-27|24|18.0|13.0|5.0|21.0|-3.0|14.0|8.0|6.0|67.13|~|4.0|2.00|2|22.33|25.00|0.000|~|-0.1143|0.9867|2026-10-04T09:27:48.328016
cape_town|2026-09-28|24|23.0|14.0|9.0|18.0|5.0|15.0|5.0|10.0|51.18|~|8.0|~|~|9.89|16.00|0.000|~|-0.6655|0.7352|2026-10-04T09:27:48.328016
cape_town|2026-09-29|24|29.0|7.0|22.0|23.0|6.0|14.0|9.0|5.0|71.84|~|15.0|~|~|7.33|12.00|0.000|~|0.5905|0.7801|2026-10-04T09:27:48.328016
cape_town|2026-09-30|24|33.0|10.0|23.0|29.0|4.0|17.0|12.0|5.0|72.4|~|16.0|~|~|7.22|11.00|0.000|~|-0.3068|0.7888|2026-10-04T09:27:48.328016
cape_town|2026-10-01|24|27.0|14.0|13.0|33.0|-6.0|14.0|13.0|1.0|93.7|~|13.0|4.80|6|22.22|29.00|0.000|~|0.4821|-0.7899|2026-10-04T09:27:48.328016
cape_town|2026-10-02|24|19.0|14.0|5.0|27.0|-8.0|15.0|14.0|1.0|93.74|~|4.0|3.33|6|9.89|17.00|0.000|~|0.1222|0.6456|2026-10-04T09:27:48.328016
cape_town|2026-10-03|24|21.0|14.0|7.0|19.0|2.0|15.0|10.0|5.0|72.02|~|6.0|2.22|4|21.44|25.00|0.000|~|-0.4512|0.8673|2026-10-04T09:27:48.328016
cape_town|2026-10-04|11|23.0|14.0|9.0|21.0|2.0|17.0|11.0|6.0|67.76|~|6.0|~|~|4.00|5.00|0.000|~|~|~|2026-10-04T09:27:48.328016
chengdu|2026-09-02|24|33.0|22.0|11.0|34.0|-1.0|26.0|17.0|9.0|57.67|~|7.0|3.20|4|4.10|5.83|0.000|~|-0.1052|-0.9426|2026-10-04T02:39:32.778646
chengdu|2026-09-03|24|28.0|23.0|5.0|33.0|-5.0|25.0|20.0|5.0|73.83|~|3.0|2.00|2|5.83|9.72|0.000|~|-0.0955|-0.9804|2026-10-04T09:27:48.328016
chengdu|2026-09-04|24|34.0|22.0|12.0|28.0|6.0|24.0|22.0|2.0|88.61|~|10.0|3.00|4|3.24|5.83|0.000|~|-0.2614|-0.1531|2026-10-04T09:27:48.328016
chengdu|2026-09-05|24|34.0|21.0|13.0|34.0|0.0|25.0|19.0|6.0|69.38|~|9.0|3.20|4|4.54|7.78|0.000|~|0.1777|0.8950|2026-10-04T09:27:48.328016
chengdu|2026-09-06|24|35.0|23.0|12.0|34.0|1.0|25.0|22.0|3.0|83.47|~|10.0|3.14|4|4.32|7.78|0.000|~|0.2081|0.9139|2026-10-04T09:27:48.328016
chengdu|2026-09-07|24|32.0|27.0|5.0|35.0|-3.0|27.0|21.0|6.0|69.77|~|5.0|~|~|4.11|5.83|0.000|~|0.1139|-0.9382|2026-10-04T09:27:48.328016
chengdu|2026-09-08|24|29.0|24.0|5.0|32.0|-3.0|24.0|23.0|1.0|94.16|~|5.0|3.20|4|4.32|5.83|0.000|~|0.5927|-0.6413|2026-10-04T09:27:48.328016
chengdu|2026-09-09|24|27.0|20.0|7.0|29.0|-2.0|22.0|22.0|0.0|100.0|~|5.0|2.89|4|11.45|15.55|0.000|~|-0.4125|-0.8961|2026-10-04T09:27:48.328016
chengdu|2026-09-10|24|23.0|18.0|5.0|27.0|-4.0|18.0|17.0|1.0|93.89|~|5.0|3.56|4|11.45|13.61|0.000|~|-0.5028|-0.8335|2026-10-04T09:27:48.328016
chengdu|2026-09-11|24|23.0|19.0|4.0|23.0|0.0|19.0|15.0|4.0|77.62|~|4.0|3.56|4|6.91|9.72|0.000|~|-0.5624|-0.7068|2026-10-04T09:27:48.328016
chengdu|2026-09-12|24|22.0|19.0|3.0|23.0|-1.0|20.0|16.0|4.0|77.77|~|2.0|4.00|6|5.18|5.83|0.000|~|-0.1097|-0.8527|2026-10-04T09:27:48.328016
chengdu|2026-09-13|24|26.0|18.0|8.0|22.0|4.0|18.0|18.0|0.0|100.0|~|8.0|2.29|4|6.48|7.78|0.000|~|0.4561|0.8349|2026-10-04T09:27:48.328016
chengdu|2026-09-14|24|22.0|19.0|3.0|26.0|-4.0|20.0|17.0|3.0|82.88|~|2.0|3.56|4|4.75|7.78|0.000|~|-0.6582|-0.4627|2026-10-04T09:27:48.328016
chengdu|2026-09-15|24|21.0|18.0|3.0|22.0|-1.0|19.0|18.0|1.0|93.93|~|2.0|2.00|2|3.24|3.89|0.000|~|0.2882|-0.8990|2026-10-04T09:27:48.328016
chengdu|2026-09-16|24|26.0|18.0|8.0|21.0|5.0|19.0|18.0|1.0|93.93|~|7.0|2.89|4|2.81|3.89|0.000|~|-0.9352|-0.0527|2026-10-04T09:27:48.328016
chengdu|2026-09-17|24|26.0|20.0|6.0|26.0|0.0|21.0|19.0|2.0|88.36|~|5.0|2.44|6|4.10|5.83|0.000|~|-0.6463|0.5820|2026-10-04T09:27:48.328016
chengdu|2026-09-18|24|24.0|21.0|3.0|26.0|-2.0|22.0|21.0|1.0|94.07|~|2.0|2.89|4|5.18|5.83|0.000|~|-0.1849|-0.6731|2026-10-04T09:27:48.328016
chengdu|2026-09-19|24|23.0|21.0|2.0|24.0|-1.0|21.0|20.0|1.0|94.02|~|2.0|2.67|4|3.24|5.83|0.000|~|0.1419|-0.7373|2026-10-04T09:27:48.328016
chengdu|2026-09-20|24|27.0|21.0|6.0|23.0|4.0|21.0|20.0|1.0|94.02|~|6.0|2.33|4|4.11|5.83|0.000|~|0.4978|0.7848|2026-10-04T09:27:48.328016
chengdu|2026-09-21|24|29.0|21.0|8.0|27.0|2.0|21.0|21.0|0.0|100.0|~|8.0|2.00|2|3.02|5.83|0.000|~|~|~|2026-10-04T09:27:48.328016
chengdu|2026-09-22|24|26|20.0|6.0|29.0|-3.0|20.0|19.0|1.0|93.98|~|6.0|2.00|2|4.10|5.83|0.000|~|0.3027|0.8789|2026-10-04T09:27:48.328016
chengdu|2026-09-23|24|28|20|8|26|2|21|21|0|100|~|7|3.33|4|4.10|5.83|0.000|~|0.2510|0.9092|2026-10-04T09:27:48.328016
chengdu|2026-09-24|24|23|21|2|28|-5|21|21|0|100|~|2|2.67|4|2.59|3.89|0.000|~|-0.4012|-0.0985|2026-10-04T09:27:48.328016
chengdu|2026-09-25|24|28.0|21|7.0|23|5.0|21|20|1|94.02|~|7.0|3.78|6|2.81|3.89|0.000|~|0.0145|0.0173|2026-10-04T09:27:48.328016
chengdu|2026-09-26|24|28.0|22.0|6.0|28.0|0.0|23.0|21.0|2.0|88.53|~|5.0|3.25|6|3.45|5.83|0.000|~|-0.7607|-0.1701|2026-10-04T09:27:48.328016
chengdu|2026-09-27|24|27.0|22.0|5.0|28.0|-1.0|23.0|22.0|1.0|94.11|~|4.0|3.11|4|2.81|3.89|0.000|~|-0.2989|-0.8401|2026-10-04T09:27:48.328016
chengdu|2026-09-28|24|25.0|22.0|3.0|27.0|-2.0|22.0|21.0|1.0|94.07|~|3.0|2.86|6|7.78|13.61|0.000|~|-0.4666|-0.7584|2026-10-04T09:27:48.328016
chengdu|2026-09-29|24|31.0|21.0|10.0|25.0|6.0|22.0|19.0|3.0|83.12|~|9.0|4.50|6|4.32|5.83|0.000|~|-0.0989|0.9640|2026-10-04T09:27:48.328016
chengdu|2026-09-30|24|26.0|21.0|5.0|31.0|-5.0|24.0|20.0|4.0|78.38|~|2.0|1.33|2|3.02|3.89|0.000|~|0.2715|-0.9460|2026-10-04T09:27:48.328016
chengdu|2026-10-01|24|27.0|20.0|7.0|26.0|1.0|21.0|12.0|9.0|56.42|~|6.0|2.00|2|3.46|7.78|0.000|~|-0.5781|-0.7381|2026-10-04T09:27:48.328016
chengdu|2026-10-02|24|22.0|20.0|2.0|27.0|-5.0|20.0|16.0|4.0|77.77|~|2.0|3.78|4|3.24|5.83|0.000|~|0.0790|-0.2247|2026-10-04T09:27:48.328016
chengdu|2026-10-03|24|26.0|18.0|8.0|22.0|4.0|19.0|18.0|1.0|93.93|~|7.0|3.11|4|4.11|5.83|0.000|~|0.3922|-0.1526|2026-10-04T09:27:48.328016
chengdu|2026-10-04|17|26.0|21.0|5.0|26.0|0.0|21.0|18.0|3.0|83.0|~|5.0|4.00|4|3.40|3.89|0.000|~|0.6588|-0.1166|2026-10-04T09:27:48.328016
chicago|2026-09-02|24|35.0|25.56|9.44|34.44|0.56|26.67|20.56|6.11|69.23|~|8.33|2.44|4|9.44|13.00|0.000|~|0.8471|0.4925|2026-10-04T09:27:48.328016
chicago|2026-09-03|24|32.22|26.11|6.11|35.0|-2.78|27.22|21.67|5.55|71.74|~|5.00|2.00|2|8.33|16.00|0.000|~|-0.1909|-0.2425|2026-10-04T09:27:48.328016
chicago|2026-09-04|26|33.89|24.44|9.45|32.22|1.67|25.56|22.78|2.78|84.67|~|8.33|2.00|2|10.89|18.00|0.000|~|-0.3386|0.3201|2026-10-04T09:27:48.328016
chicago|2026-09-05|37|26.67|22.22|4.45|33.89|-7.22|23.33|22.22|1.11|93.49|~|3.34|5.57|8|12.07|19.00|0.000|~|-0.4285|-0.8822|2026-10-04T09:27:48.328016
chicago|2026-09-06|130|25.56|20.56|5.00|26.67|-1.11|22.22|18.89|3.33|81.44|~|3.34|3.12|6|7.36|14.00|0.000|~|-0.8934|-0.2656|2026-10-04T09:27:48.328016
chicago|2026-09-07|24|26.67|18.33|8.34|25.56|1.11|20.56|16.67|3.89|78.41|~|6.11|3.11|6|7.33|10.00|0.000|~|-0.8873|-0.0169|2026-10-04T09:27:48.328016
chicago|2026-09-08|24|29.44|18.33|11.11|26.67|2.77|18.89|13.33|5.56|70.16|~|10.55|2.00|2|6.67|13.00|0.000|~|0.0693|0.8902|2026-10-04T09:27:48.328016
chicago|2026-09-09|34|26.11|21.67|4.44|29.44|-3.33|21.67|20.56|1.11|93.41|~|4.44|3.88|6|9.71|12.00|0.080|~|0.9666|0.1779|2026-10-04T09:27:48.328016
chicago|2026-09-10|24|25.0|18.33|6.67|26.11|-1.11|19.44|16.11|3.33|81.07|~|5.56|2.67|8|5.78|8.00|0.000|~|-0.7021|-0.5039|2026-10-04T09:27:48.328016
chicago|2026-09-11|24|27.78|15.56|12.22|25.0|2.78|18.33|14.44|3.89|78.08|~|9.45|2.00|2|8.22|12.00|0.000|~|-0.5498|0.7568|2026-10-04T09:27:48.328016
chicago|2026-09-12|171|30.56|18.89|11.67|27.78|2.78|21.11|17.78|3.33|81.29|~|9.45|2.23|6|8.88|13.00|0.000|~|0.8299|0.4913|2026-10-04T09:27:48.328016
chicago|2026-09-13|338|23.33|13|10.33|30.56|-7.23|17.78|11.67|6.11|67.43|~|5.55|2.74|8|7.50|11.00|0.032|~|0.5044|-0.6752|2026-10-04T09:27:48.328016
chicago|2026-09-14|334|21.11|11.67|9.44|23.33|-2.22|15.0|8.89|6.11|66.84|~|6.11|2.74|8|9.33|15.01|0.000|~|-0.5710|0.7742|2026-10-04T09:27:48.328016
chicago|2026-09-15|329|28.89|19|9.89|21.11|7.78|20.56|14.44|6.12|68.01|~|8.33|2.96|8|6.57|11.00|0.202|~|0.7432|0.4934|2026-10-04T09:27:48.328016
chicago|2026-09-16|354|24.44|17.78|6.66|28.89|-4.45|17.78|15.0|2.78|83.8|~|6.66|5.94|8|8.96|13.00|0.075|~|-0.4836|-0.8367|2026-10-04T09:27:48.328016
chicago|2026-09-17|378|26.11|18.89|7.22|24.44|1.67|19.44|19.44|0.00|100.0|~|6.67|6.51|8|5.62|13.02|2.495|~|0.0961|-0.5434|2026-10-04T09:27:48.328016
chicago|2026-09-18|348|21.67|18|3.67|26.11|-4.44|19.44|14.44|5.00|72.85|~|2.23|3.87|8|10.75|14.00|0.000|~|-0.9314|-0.2830|2026-10-04T09:27:48.328016
chicago|2026-09-19|380|21.11|17|4.11|21.67|-0.56|17.78|16.67|1.11|93.22|~|3.33|6.81|8|3.68|13.00|2.869|~|-0.1559|0.5390|2026-10-04T09:27:48.328016
chicago|2026-09-20|405|21.0|16.67|4.33|21.11|-0.11|18.33|17.22|1.11|93.24|~|2.67|7.89|8|10.97|20.00|6.790|~|-0.6465|-0.7376|2026-10-04T09:27:48.328016
chicago|2026-09-21|355|18.89|15.56|3.33|21.0|-2.11|15.56|12.22|3.34|80.54|1020.2|3.33|7.66|8|13.14|17.01|0.000|~|-0.8485|-0.4988|2026-10-04T09:27:48.328016
chicago|2026-09-22|346|16.67|13.89|2.78|18.89|-2.22|13.89|9.44|4.45|74.55|1025.1|2.78|4.36|8|12.73|15.01|0.000|4.90|-0.8215|-0.5414|2026-10-04T09:27:48.328016
chicago|2026-09-23|345|20|15.56|4.44|16.67|3.33|16.11|12.22|3.89|77.73|1027.7|3.89|6.91|8|11.57|16.00|0.000|2.60|-0.8700|-0.4655|2026-10-04T09:27:48.328016
chicago|2026-09-24|335|20.56|15.56|5.00|20|0.56|16.11|11.11|5.00|72.23|1027.4|4.45|6.52|8|8.46|13.00|0.000|-0.30|-0.9237|-0.3160|2026-10-04T09:27:48.328016
chicago|2026-09-25|336|17.78|13.89|3.89|20.56|-2.78|16.11|12.78|3.33|80.62|1026.7|1.67|7.15|8|5.64|8.01|0.000|-0.70|-0.9669|-0.1332|2026-10-04T09:27:48.328016
chicago|2026-09-26|338|20.0|11|9.0|17.78|2.22|13.33|10.56|2.77|83.27|1023.8|6.67|0.77|6|5.76|9.00|0.000|-2.90|-0.8629|-0.2791|2026-10-04T09:27:48.328016
chicago|2026-09-27|355|22.22|9|13.22|20.0|2.22|11.67|11.11|0.56|96.39|1020.4|10.55|1.08|6|5.27|9.99|0.000|-3.40|-0.5068|-0.7656|2026-10-04T09:27:48.328016
chicago|2026-09-28|335|22.22|11|11.22|22.22|0.00|13.33|9.44|3.89|77.3|1019.6|8.89|2.17|8|6.03|11.00|0.000|-0.80|-0.4651|-0.7916|2026-10-04T09:27:48.328016
chicago|2026-09-29|346|25.56|12|13.56|22.22|3.34|12.78|12.78|0.00|100.0|1017.4|12.78|0.61|8|6.09|10.00|0.000|-2.20|0.2747|0.9000|2026-10-04T09:27:48.328016
chicago|2026-09-30|371|21.11|15.56|5.55|25.56|-4.45|16.11|14.44|1.67|89.85|~|5.00|7.53|8|8.55|11.99|3.665|~|0.2010|0.9512|2026-10-04T09:27:48.328016
chicago|2026-10-01|352|21.11|16|5.11|21.11|0.00|18.89|17.78|1.11|93.27|1009.8|2.22|7.19|8|7.78|14.00|3.517|~|0.4451|0.1195|2026-10-04T09:27:48.328016
chicago|2026-10-02|340|18.89|11|7.89|21.11|-2.22|13.33|8.33|5.00|71.71|1021.4|5.56|0.46|4|8.04|11.99|0.065|11.60|-0.2201|-0.8889|2026-10-04T09:27:48.328016
chicago|2026-10-03|336|20.56|9|11.56|18.89|1.67|12.22|8.89|3.33|80.08|1027.0|8.34|0.27|2|7.47|11.00|0.000|5.60|-0.4315|0.7934|2026-10-04T09:27:48.328016
chicago|2026-10-04|47|15.0|13.89|1.11|20.56|-5.56|~|~|~|~|~|~|~|~|~|~|0.000|~|~|~|2026-10-04T09:27:48.328016
chongqing|2026-09-02|24|33.0|21.0|12.0|34.0|-1.0|24.0|15.0|9.0|57.17|~|9.0|2.00|2|4.97|7.78|0.000|~|-0.7612|0.2351|2026-10-04T02:39:34.744328
chongqing|2026-09-03|24|33.0|23.0|10.0|33.0|0.0|25.0|15.0|10.0|53.86|~|8.0|2.00|2|6.48|9.72|0.000|~|-0.8328|-0.4513|2026-10-04T09:27:48.328016
chongqing|2026-09-04|24|34.0|26.0|8.0|33.0|1.0|27.0|17.0|10.0|54.37|~|7.0|5.33|6|4.54|5.83|0.000|~|-0.8172|-0.4977|2026-10-04T09:27:48.328016
chongqing|2026-09-05|24|35.0|26.0|9.0|34.0|1.0|27.0|19.0|8.0|61.65|~|8.0|2.00|2|4.11|5.83|0.000|~|-0.3140|0.2432|2026-10-04T09:27:48.328016
chongqing|2026-09-06|24|36.0|26.0|10.0|35.0|1.0|27.0|18.0|9.0|57.91|~|9.0|~|~|7.78|9.72|0.000|~|-0.7221|0.6198|2026-10-04T09:27:48.328016
chongqing|2026-09-07|24|37.0|27.0|10.0|36.0|1.0|29.0|17.0|12.0|48.4|~|8.0|2.00|2|7.56|7.78|0.000|~|-0.7520|0.0857|2026-10-04T09:27:48.328016
chongqing|2026-09-08|24|37.0|28.0|9.0|37.0|0.0|30.0|20.0|10.0|55.13|~|7.0|2.00|2|4.10|5.83|0.000|~|-0.3023|0.6636|2026-10-04T09:27:48.328016
chongqing|2026-09-09|24|36.0|29.0|7.0|37.0|-1.0|30.0|20.0|10.0|55.13|~|6.0|~|~|8.64|11.66|0.000|~|-0.7071|0.6570|2026-10-04T09:27:48.328016
chongqing|2026-09-10|24|30.0|20.0|10.0|36.0|-6.0|24.0|16.0|8.0|60.96|~|6.0|3.56|4|6.48|7.78|0.000|~|0.9129|-0.3030|2026-10-04T09:27:48.328016
chongqing|2026-09-11|24|24.0|19.0|5.0|30.0|-6.0|20.0|20.0|0.0|100.0|~|4.0|2.89|4|4.97|5.83|0.000|~|0.2816|0.5044|2026-10-04T09:27:48.328016
chongqing|2026-09-12|24|29.0|21.0|8.0|24.0|5.0|21.0|20.0|1.0|94.02|~|8.0|2.44|4|4.32|9.72|0.000|~|0.4384|-0.4152|2026-10-04T09:27:48.328016
chongqing|2026-09-13|24|27.0|21.0|6.0|29.0|-2.0|21.0|19.0|2.0|88.36|~|6.0|3.56|6|7.56|9.72|0.000|~|0.9050|-0.2673|2026-10-04T09:27:48.328016
chongqing|2026-09-14|24|23.0|21.0|2.0|27.0|-4.0|22.0|19.0|3.0|83.12|~|1.0|4.44|8|2.81|3.89|0.000|~|-0.1251|-0.1337|2026-10-04T09:27:48.328016
chongqing|2026-09-15|24|21.0|20.0|1.0|23.0|-2.0|20.0|18.0|2.0|88.28|~|1.0|3.11|4|9.50|9.72|0.000|~|-0.4253|-0.8933|2026-10-04T09:27:48.328016
chongqing|2026-09-16|24|20.0|19.0|1.0|21.0|-1.0|19.0|19.0|0.0|100.0|~|1.0|2.22|4|1.94|3.89|0.000|~|-0.9056|0.3914|2026-10-04T09:27:48.328016
chongqing|2026-09-17|24|21.0|19.0|2.0|20.0|1.0|19.0|19.0|0.0|100.0|~|2.0|2.67|4|2.81|3.89|0.000|~|-0.3684|0.8204|2026-10-04T09:27:48.328016
chongqing|2026-09-18|24|22.0|20.0|2.0|21.0|1.0|20.0|20.0|0.0|100.0|~|2.0|2.00|2|6.91|9.72|0.000|~|-0.1120|-0.9580|2026-10-04T09:27:48.328016
chongqing|2026-09-19|24|26.0|20.0|6.0|22.0|4.0|21.0|21.0|0.0|100.0|~|5.0|3.33|6|4.53|9.72|0.000|~|-0.3101|-0.9117|2026-10-04T09:27:48.328016
chongqing|2026-09-20|24|25|22|3|26.0|-1.0|22|22|0|100|~|3|3.78|4|4.75|5.83|0.000|~|0.8427|0.1481|2026-10-04T09:27:48.328016
chongqing|2026-09-21|24|24|21|3|25|-1|22|22|0|100|~|2|2.89|4|5.62|7.78|0.000|~|0.8852|-0.2369|2026-10-04T09:27:48.328016
chongqing|2026-09-22|24|22|20.0|2.0|24|-2|20.0|20.0|0.0|100.0|~|2.0|2.00|2|3.67|5.83|0.000|~|-0.1993|0.9056|2026-10-04T09:27:48.328016
chongqing|2026-09-23|24|26|21|5|22|4|21|21|0|100|~|5|2.67|4|3.46|3.89|0.000|~|0.2136|0.3392|2026-10-04T09:27:48.328016
chongqing|2026-09-24|24|28|22|6|26|2|23|22|1|94.11|~|5|2.67|4|3.45|5.83|0.000|~|0.3373|-0.5889|2026-10-04T09:27:48.328016
chongqing|2026-09-25|24|29.0|23|6.0|28|1.0|24|22|2|88.61|~|5.0|4.00|8|4.75|7.78|0.000|~|0.7031|-0.2852|2026-10-04T09:27:48.328016
chongqing|2026-09-26|24|28.0|23.0|5.0|29.0|-1.0|23.0|23.0|0.0|100.0|~|5.0|2.44|4|2.81|3.89|0.000|~|0.5369|-0.4454|2026-10-04T09:27:48.328016
chongqing|2026-09-27|24|30.0|24.0|6.0|28.0|2.0|24.0|24.0|0.0|100.0|~|6.0|3.78|4|2.81|3.89|0.000|~|-0.0506|-0.3572|2026-10-04T09:27:48.328016
chongqing|2026-09-28|24|25.0|22.0|3.0|30.0|-5.0|24.0|24.0|0.0|100.0|~|1.0|2.00|2|5.62|9.72|0.000|~|0.8855|-0.3955|2026-10-04T09:27:48.328016
chongqing|2026-09-29|24|26.0|21.0|5.0|25.0|1.0|22.0|21.0|1.0|94.07|~|4.0|3.56|4|3.24|3.89|0.000|~|-0.0026|0.9651|2026-10-04T09:27:48.328016
chongqing|2026-09-30|24|24.0|21.0|3.0|26.0|-2.0|21.0|21.0|0.0|100.0|~|3.0|2.22|4|3.24|3.89|0.000|~|-0.2159|0.9113|2026-10-04T09:27:48.328016
chongqing|2026-10-01|24|22.0|19.0|3.0|24.0|-2.0|20.0|20.0|0.0|100.0|~|2.0|2.89|4|6.26|7.78|0.000|~|0.9176|-0.3601|2026-10-04T09:27:48.328016
chongqing|2026-10-02|24|21.0|19.0|2.0|22.0|-1.0|19.0|19.0|0.0|100.0|~|2.0|2.00|2|2.59|5.83|0.000|~|~|~|2026-10-04T09:27:48.328016
chongqing|2026-10-03|24|21.0|19.0|2.0|21.0|0.0|20.0|20.0|0.0|100.0|~|1.0|2.00|2|2.37|5.83|0.000|~|0.6965|-0.2691|2026-10-04T09:27:48.328016
chongqing|2026-10-04|17|20.0|18.0|2.0|21.0|-1.0|19.0|19.0|0.0|100.0|~|1.0|3.25|4|10.69|13.61|0.000|~|-0.1681|-0.9763|2026-10-04T09:27:48.328016
dallas|2026-09-02|24|37.78|27.22|10.56|37.22|0.56|27.78|21.11|6.67|67.13|~|10.00|2.22|4|5.89|9.00|0.000|~|-0.9444|-0.0415|2026-10-04T09:27:48.328016
dallas|2026-09-03|26|32.78|26.67|6.11|37.78|-5.00|26.67|22.78|3.89|79.3|~|6.11|4.00|6|10.30|12.00|0.000|~|-0.3715|0.8841|2026-10-04T09:27:48.328016
dallas|2026-09-04|27|37.22|25.56|11.66|32.78|4.44|26.11|23.89|2.22|87.61|~|11.11|3.45|6|7.55|11.00|0.000|~|-0.2253|0.9209|2026-10-04T09:27:48.328016
dallas|2026-09-05|24|37.22|27.78|9.44|37.22|0.00|27.78|21.67|6.11|69.45|~|9.44|3.11|4|3.00|5.00|0.000|~|-0.0317|0.9098|2026-10-04T09:27:48.328016
dallas|2026-09-06|130|36.67|26|10.67|37.22|-0.55|26.67|23.33|3.34|82.0|~|10.00|1.17|4|4.96|11.00|0.000|~|-0.8065|0.4885|2026-10-04T09:27:48.328016
dallas|2026-09-07|24|37.78|28.33|9.45|36.67|1.11|28.33|22.22|6.11|69.56|~|9.45|2.89|4|6.67|12.00|0.000|~|-0.5094|0.6448|2026-10-04T09:27:48.328016
dallas|2026-09-08|24|37.78|28.89|8.89|37.78|0.00|29.44|21.67|7.77|63.06|~|8.34|3.56|4|6.67|10.00|0.000|~|-0.2827|0.9245|2026-10-04T09:27:48.328016
dallas|2026-09-09|24|37.78|28.33|9.45|37.78|0.00|28.89|22.22|6.67|67.36|~|8.89|2.22|4|7.00|11.00|0.000|~|-0.4098|0.8161|2026-10-04T09:27:48.328016
dallas|2026-09-10|26|37.22|26.67|10.55|37.78|-0.56|26.67|22.22|4.45|76.67|~|10.55|2.91|6|6.45|15.00|0.000|~|-0.0899|-0.3640|2026-10-04T09:27:48.328016
dallas|2026-09-11|25|37.22|27.22|10.00|37.22|0.00|27.22|21.67|5.55|71.74|~|10.00|2.40|6|4.20|10.00|0.000|~|0.3055|0.8221|2026-10-04T09:27:48.328016
dallas|2026-09-12|172|38.33|25.0|13.33|37.22|1.11|25.0|22.78|2.22|87.51|~|13.33|0.57|2|7.64|13.00|0.000|~|-0.2131|0.9183|2026-10-04T09:27:48.328016
dallas|2026-09-13|336|37.22|27|10.22|38.33|-1.11|27.78|22.78|5.00|74.31|~|9.44|0.58|4|7.86|14.00|0.000|~|-0.1156|0.9370|2026-10-04T09:27:48.328016
dallas|2026-09-14|332|37.22|27|10.22|37.22|0.00|27.22|22.78|4.44|76.76|~|10.00|1.87|4|8.76|15.01|0.000|~|0.1069|0.9239|2026-10-04T09:27:48.328016
dallas|2026-09-15|338|37.22|27|10.22|37.22|0.00|27.22|22.78|4.44|76.76|~|10.00|0.98|2|8.38|14.00|0.000|~|-0.0103|0.9409|2026-10-04T09:27:48.328016
dallas|2026-09-16|336|37.22|28|9.22|37.22|0.00|28.33|21.67|6.66|67.24|~|8.89|0.72|4|6.42|11.99|0.000|~|-0.1386|0.8319|2026-10-04T09:27:48.328016
dallas|2026-09-17|338|36.11|28|8.11|37.22|-1.11|28.89|21.67|7.22|65.11|~|7.22|2.22|8|5.67|11.00|0.000|~|-0.5826|0.5669|2026-10-04T09:27:48.328016
dallas|2026-09-18|336|36.11|27|9.11|36.11|0.00|27.78|20.0|7.78|62.69|~|8.33|2.10|6|5.24|9.00|0.000|~|-0.1914|0.7201|2026-10-04T09:27:48.328016
dallas|2026-09-19|336|35.56|25|10.56|36.11|-0.55|25.56|18.33|7.23|64.39|~|10.00|0.37|4|5.78|11.99|0.000|~|-0.1540|0.8767|2026-10-04T09:27:48.328016
dallas|2026-09-20|342|35.56|26.67|8.89|35.56|0.00|27.22|18.89|8.33|60.44|1012.6|8.34|1.59|6|6.79|13.00|0.000|~|-0.1930|0.8839|2026-10-04T09:27:48.328016
dallas|2026-09-21|342|36.11|25|11.11|35.56|0.55|26.11|20.56|5.55|71.54|1013.4|10.00|2.64|6|4.22|9.00|0.000|0.80|-0.2081|-0.1131|2026-10-04T09:27:48.328016
dallas|2026-09-22|336|36.11|24|12.11|36.11|0.00|24.44|20|4.44|76.32|1016.1|11.67|0.60|4|4.28|9.00|0.000|2.70|-0.2969|-0.6979|2026-10-04T09:27:48.328016
dallas|2026-09-23|297|36.67|26|10.67|36.11|0.56|26.11|20|6.11|69.12|1017.4|10.56|1.18|6|7.00|11.08|0.000|1.30|-0.9104|0.0928|2026-10-04T09:27:48.328016
dallas|2026-09-24|335|33.89|25|8.89|36.67|-2.78|25.56|17.22|8.34|60.04|1019.4|8.33|0.40|6|5.91|11.99|0.000|2.00|-0.7653|0.2805|2026-10-04T09:27:48.328016
dallas|2026-09-25|336|33.33|21.67|11.66|33.89|-0.56|21.67|13.89|7.78|61.28|1019.8|11.66|0.70|6|4.85|9.00|0.000|0.40|-0.7659|0.2847|2026-10-04T09:27:48.328016
dallas|2026-09-26|336|34.44|22|12.44|33.33|1.11|23.33|14.44|8.89|57.42|1016.2|11.11|0.41|6|5.88|11.08|0.000|-3.60|-0.4188|0.8107|2026-10-04T09:27:48.328016
dallas|2026-09-27|339|34.44|24|10.44|34.44|0.00|25.0|20.0|5.0|73.83|1013.5|9.44|1.95|8|6.94|11.99|0.000|-2.70|-0.0595|0.9226|2026-10-04T09:27:48.328016
dallas|2026-09-28|335|33.89|26|7.89|34.44|-0.55|26.67|20.0|6.67|66.9|1013.2|7.22|1.87|6|7.47|11.99|0.000|-0.30|-0.9496|0.1305|2026-10-04T09:27:48.328016
dallas|2026-09-29|336|35.0|25|10.0|33.89|1.11|25.0|20.56|4.44|76.41|1011.7|10.0|1.61|6|9.45|15.01|0.000|-1.50|-0.2767|0.9066|2026-10-04T09:27:48.328016
dallas|2026-09-30|346|32.22|26|6.22|35.0|-2.78|26.67|22.22|4.45|76.67|1010.1|5.55|6.77|8|10.68|16.00|0.401|-1.60|-0.2152|0.9292|2026-10-04T09:27:48.328016
dallas|2026-10-01|363|27.22|21|6.22|32.22|-5.00|25.56|23.89|1.67|90.54|1009.0|1.66|7.21|8|5.84|11.99|8.560|-1.10|-0.8146|0.1975|2026-10-04T09:27:48.328016
dallas|2026-10-02|374|26.67|21.67|5.00|27.22|-0.55|22.78|22.22|0.56|96.69|1015.3|3.89|7.17|8|8.01|14.00|0.603|6.30|-0.1572|-0.9681|2026-10-04T09:27:48.328016
dallas|2026-10-03|349|23.89|21|2.89|26.67|-2.78|21.67|20.56|1.11|93.41|1017.4|2.22|7.77|8|3.62|6.01|0.334|2.10|-0.7503|-0.5044|2026-10-04T09:27:48.328016
dallas|2026-10-04|50|22.22|22|0.22|23.89|-1.67|~|~|~|~|~|~|~|~|~|~|0.000|~|~|~|2026-10-04T09:27:48.328016
denver|2026-09-02|26|31.67|15.56|16.11|30.0|1.67|20.28|8.0|12.28|45.12|~|11.39|2.00|2|7.22|11.00|0.000|~|-0.8674|0.0180|2026-10-04T09:27:48.328016
denver|2026-09-03|24|33.22|13.89|19.33|31.67|1.55|21.11|5.56|15.55|36.24|~|12.11|2.00|2|9.67|16.00|0.000|~|-0.5364|0.4310|2026-10-04T09:27:48.328016
denver|2026-09-04|24|34.0|15.78|18.22|33.22|0.78|20.56|5.72|14.84|37.94|~|13.44|2.67|4|7.44|16.00|0.000|~|-0.7695|0.2700|2026-10-04T09:27:48.328016
denver|2026-09-05|48|34.44|17.22|17.22|34.0|0.44|21.67|8.11|13.56|41.75|~|12.77|3.60|6|6.69|12.00|0.000|~|-0.0155|-0.9203|2026-10-04T09:27:48.328016
denver|2026-09-06|36|33.33|15.56|17.77|34.44|-1.11|18.5|14.61|3.89|78.1|~|14.83|2.33|4|8.17|15.00|0.010|~|-0.5506|0.4869|2026-10-04T09:27:48.328016
denver|2026-09-07|24|32.0|18.33|13.67|33.33|-1.33|24.22|8.61|15.61|37.01|~|7.78|3.78|6|7.44|9.00|0.000|~|0.0593|-0.5776|2026-10-04T09:27:48.328016
denver|2026-09-08|31|30.56|16.78|13.78|32.0|-1.44|20.0|13.0|7.0|64.07|~|10.56|2.71|6|10.57|15.00|0.100|~|-0.6701|0.3953|2026-10-04T09:27:48.328016
denver|2026-09-09|24|27.78|14.0|13.78|30.56|-2.78|14.61|4.61|10.00|51.08|~|13.17|2.22|4|5.22|9.00|0.000|~|-0.8566|-0.2926|2026-10-04T09:27:48.328016
denver|2026-09-10|23|31.67|12.78|18.89|27.78|3.89|17.22|5.78|11.44|46.89|~|14.45|2.00|2|4.89|9.00|0.000|~|-0.6759|0.3828|2026-10-04T09:27:48.328016
denver|2026-09-11|38|31.89|16.89|15.00|31.67|0.22|19.22|5.56|13.66|40.73|~|12.67|4.40|6|6.19|13.00|0.000|~|0.2430|-0.6036|2026-10-04T09:27:48.328016
denver|2026-09-12|46|27.22|11.0|16.22|31.89|-4.67|11.78|5.22|6.56|64.13|~|15.44|3.20|6|5.85|15.00|0.000|~|-0.8631|-0.1363|2026-10-04T09:27:48.328016
denver|2026-09-13|45|34.61|14.9|19.71|27.22|7.39|19.78|7.78|12.00|45.84|~|14.83|2.71|6|8.49|20.00|0.000|~|-0.4575|0.4373|2026-10-04T09:27:48.328016
denver|2026-09-14|41|30.28|20.0|10.28|34.61|-4.33|22.5|7.78|14.72|38.79|~|7.78|3.57|6|7.29|15.00|0.000|~|0.4243|0.5618|2026-10-04T09:27:48.328016
denver|2026-09-15|47|22.5|12.5|10.0|30.28|-7.78|13.22|-1.11|14.33|37.11|~|9.28|4.00|8|8.81|15.00|0.000|~|-0.8561|0.3892|2026-10-04T09:27:48.328016
denver|2026-09-16|47|31.78|10|21.78|22.5|9.28|15.72|6.39|9.33|53.81|~|16.06|4.14|8|6.07|16.00|0.000|~|-0.2648|-0.7460|2026-10-04T09:27:48.328016
denver|2026-09-17|50|27.22|17|10.22|31.78|-4.56|19.22|12.0|7.22|62.97|~|8.00|4.95|6|7.28|12.05|0.000|~|0.5753|0.6640|2026-10-04T09:27:48.328016
denver|2026-09-18|58|30.0|14.44|15.56|27.22|2.78|18.89|12.22|6.67|65.24|~|11.11|4.78|8|5.67|21.00|0.502|~|-0.2296|0.0748|2026-10-04T09:27:48.328016
denver|2026-09-19|67|24.44|12.6|11.84|30.0|-5.56|14.0|12.0|2.0|87.75|~|10.44|4.00|6|7.38|22.00|0.648|~|0.1095|-0.4192|2026-10-04T09:27:48.328016
denver|2026-09-20|50|24|10.7|13.3|24.44|-0.44|11.78|8.5|3.28|80.32|1016.8|12.22|2.77|4|7.05|12.00|0.321|~|-0.2949|-0.8559|2026-10-04T09:27:48.328016
denver|2026-09-21|55|24.22|11.0|13.22|24|0.22|12.11|11.5|0.61|96.05|1020.6|12.11|2.86|4|5.56|9.00|0.000|3.80|-0.7485|0.1094|2026-10-04T09:27:48.328016
denver|2026-09-22|55|28.89|11.6|17.29|24.22|4.67|12.5|9.11|3.39|79.82|1017|16.39|3.11|6|5.87|16.00|0.921|-3.60|-0.5646|-0.3120|2026-10-04T09:27:48.328016
denver|2026-09-23|44|23.11|14.44|8.67|28.89|-5.78|15.22|10.56|4.66|73.69|1016|7.89|4.00|8|4.89|9.00|0.000|-1.00|-0.0382|-0.0169|2026-10-04T09:27:48.328016
denver|2026-09-24|59|21.5|13.8|7.7|23.11|-1.61|15.56|12|3.56|79.37|1018.7|5.94|4.77|8|6.31|12.00|0.044|2.70|0.1040|-0.5999|2026-10-04T09:27:48.328016
denver|2026-09-25|74|24.11|10.89|13.22|21.5|2.61|12.89|11.0|1.89|88.29|1017.8|11.22|5.20|8|9.87|31.00|1.260|-0.90|0.8189|-0.0731|2026-10-04T09:27:48.328016
denver|2026-09-26|44|27.5|10.89|16.61|24.11|3.39|14.61|5.72|8.89|55.18|1013.9|12.89|2.75|4|6.55|9.00|0.000|-3.90|-0.0646|0.5368|2026-10-04T09:27:48.328016
denver|2026-09-27|48|28.72|13.3|15.42|27.5|1.22|16.89|3.89|13.00|41.97|1016.2|11.83|4.13|6|8.25|18.00|0.000|2.30|-0.4369|0.7567|2026-10-04T09:27:48.328016
denver|2026-09-28|48|20.22|15.56|4.66|28.72|-8.50|17.22|8.33|8.89|55.87|1008.9|3.00|5.09|8|11.88|14.00|0.089|-7.30|-0.2766|0.8986|2026-10-04T09:27:48.328016
denver|2026-09-29|45|20.89|12.6|8.29|20.22|0.67|13.33|10.0|3.33|80.23|1007.6|7.56|4.59|8|4.66|8.00|0.000|-1.30|-0.0525|-0.7774|2026-10-04T09:27:48.328016
denver|2026-09-30|49|17.11|11.39|5.72|20.89|-3.78|13.0|9.78|3.22|80.79|1009.4|4.11|4.59|8|5.90|8.00|0.000|1.80|0.1498|-0.7247|2026-10-04T09:27:48.328016
denver|2026-10-01|46|20.28|11.39|8.89|17.11|3.17|12.11|6.78|5.33|69.86|1017.8|8.17|3.38|6|4.33|9.00|0.000|8.40|-0.5928|0.2488|2026-10-04T09:27:48.328016
denver|2026-10-02|47|26.67|11.28|15.39|20.28|6.39|11.78|6.89|4.89|71.96|1021.0|14.89|1.33|2|10.84|21.00|0.000|3.20|-0.0378|0.9784|2026-10-04T09:27:48.328016
denver|2026-10-03|47|28.33|12.2|16.13|26.67|1.66|15.0|2.89|12.11|44.12|1017.4|13.33|2.75|6|8.75|14.00|0.000|-3.60|-0.2490|-0.8408|2026-10-04T09:27:48.328016
denver|2026-10-04|4|11.28|10.56|0.72|28.33|-17.05|~|~|~|~|~|~|~|~|~|~|0.000|~|~|~|2026-10-04T09:27:48.328016
guangzhou|2026-09-02|48|30.0|24.0|6.0|31.0|-1.0|25.0|21.0|4.0|78.52|~|5.0|3.88|6|12.53|15.55|0.000|~|0.4158|-0.8918|2026-10-04T02:39:35.839476
guangzhou|2026-09-03|48|32.0|25.0|7.0|30.0|2.0|26.0|21.0|5.0|74.0|~|6.0|5.75|8|12.31|15.55|0.000|~|0.4585|-0.8607|2026-10-04T09:27:48.328016
guangzhou|2026-09-04|48|28.0|24.0|4.0|32.0|-4.0|24.0|21.0|3.0|83.36|~|4.0|7.67|8|4.11|5.83|0.000|~|0.7969|-0.4417|2026-10-04T09:27:48.328016
guangzhou|2026-09-05|49|35.0|26.0|9.0|28.0|7.0|26.0|25.0|1.0|94.24|~|9.0|2.18|4|3.35|5.83|0.000|~|-0.5033|-0.3834|2026-10-04T09:27:48.328016
guangzhou|2026-09-06|52|30.0|25.0|5.0|35.0|-5.0|26.0|25.0|1.0|94.24|~|4.0|3.07|8|5.56|9.72|0.000|~|-0.2902|-0.0843|2026-10-04T09:27:48.328016
guangzhou|2026-09-07|48|35.0|27.0|8.0|30.0|5.0|28.0|26.0|2.0|88.94|~|7.0|2.40|4|4.43|7.78|0.000|~|-0.5599|-0.5216|2026-10-04T09:27:48.328016
guangzhou|2026-09-08|48|35.0|26.0|9.0|35.0|0.0|29.0|25.0|4.0|79.1|~|6.0|3.13|4|4.32|7.78|0.000|~|-0.8283|-0.4586|2026-10-04T09:27:48.328016
guangzhou|2026-09-09|48|35.0|27.0|8.0|35.0|0.0|28.0|21.0|7.0|65.82|~|7.0|2.00|2|6.59|9.72|0.000|~|-0.8882|-0.2185|2026-10-04T09:27:48.328016
guangzhou|2026-09-10|51|32.0|23.0|9.0|35.0|-3.0|24.0|22.0|2.0|88.61|~|8.0|4.13|6|7.10|13.61|0.000|~|-0.3759|-0.8482|2026-10-04T09:27:48.328016
guangzhou|2026-09-11|48|32.0|25.0|7.0|32.0|0.0|26.0|18.0|8.0|61.42|~|6.0|2.00|2|10.80|11.66|0.000|~|-0.2914|-0.9374|2026-10-04T09:27:48.328016
guangzhou|2026-09-12|48|32.0|25.0|7.0|32.0|0.0|27.0|19.0|8.0|61.65|~|5.0|4.00|6|8.53|11.66|0.000|~|-0.3862|-0.8880|2026-10-04T09:27:48.328016
guangzhou|2026-09-13|48|34.0|27.0|7.0|32.0|2.0|28.0|22.0|6.0|69.97|~|6.0|5.38|6|8.53|11.66|0.000|~|-0.5936|-0.7406|2026-10-04T09:27:48.328016
guangzhou|2026-09-14|48|34.0|27.0|7.0|34.0|0.0|30.0|25.0|5.0|74.68|~|4.0|5.50|6|8.53|11.66|0.000|~|-0.3340|-0.6754|2026-10-04T09:27:48.328016
guangzhou|2026-09-15|48|35.0|26.0|9.0|34.0|1.0|27.0|25.0|2.0|88.86|~|8.0|3.78|6|4.86|7.78|0.000|~|-0.7263|-0.6260|2026-10-04T09:27:48.328016
guangzhou|2026-09-16|50|31.0|27.0|4.0|35.0|-4.0|27.0|24.0|3.0|83.7|~|4.0|5.50|8|4.57|9.72|0.000|~|-0.5553|0.3031|2026-10-04T09:27:48.328016
guangzhou|2026-09-17|48|36.0|27.0|9.0|31.0|5.0|28.0|24.0|4.0|78.96|~|8.0|5.44|6|3.13|5.83|0.000|~|-0.2571|0.5840|2026-10-04T09:27:48.328016
guangzhou|2026-09-18|48|36.0|28.0|8.0|36.0|0.0|28.0|25.0|3.0|83.82|~|8.0|3.22|4|3.89|5.83|0.000|~|-0.8890|0.2650|2026-10-04T09:27:48.328016
guangzhou|2026-09-19|48|36.0|28.0|8.0|36.0|0.0|29.0|25.0|4.0|79.1|~|7.0|4.00|4|3.46|5.83|0.000|~|-0.8552|0.1907|2026-10-04T09:27:48.328016
guangzhou|2026-09-20|53|37|28.0|9.0|36.0|1.0|30|25|5|74.68|~|7|3.82|6|5.92|13.61|0.000|~|0.4286|0.3549|2026-10-04T09:27:48.328016
guangzhou|2026-09-21|56|36.0|26.0|10.0|37|-1.0|27|26|1|94.29|~|9.0|4.00|6|4.30|11.66|0.000|~|-0.0267|0.2525|2026-10-04T09:27:48.328016
guangzhou|2026-09-22|51|34.0|26|8.0|36.0|-2.0|29.0|26.0|3.0|83.93|~|5.0|3.65|6|5.09|15.55|0.000|~|0.0124|0.4537|2026-10-04T09:27:48.328016
guangzhou|2026-09-23|48|35.0|27.0|8.0|34.0|1.0|29|24|5|74.51|~|6.0|3.50|6|3.46|5.83|0.000|~|-0.8562|0.3336|2026-10-04T09:27:48.328016
guangzhou|2026-09-24|51|35|25|10|35.0|0.0|25|25|0|100|~|10|4.33|8|2.48|3.89|0.000|~|-0.6890|-0.6915|2026-10-04T09:27:48.328016
guangzhou|2026-09-25|51|35.0|23|12.0|35|0.0|26|24|2|88.78|~|9.0|3.08|6|2.91|5.83|0.000|~|-0.3278|0.6700|2026-10-04T09:27:48.328016
guangzhou|2026-09-26|48|35.0|26.0|9.0|35.0|0.0|28.0|23.0|5.0|74.34|~|7.0|3.54|4|3.35|5.83|0.000|~|0.4151|0.5209|2026-10-04T09:27:48.328016
guangzhou|2026-09-27|48|36.0|27.0|9.0|35.0|1.0|29.0|25.0|4.0|79.1|~|7.0|3.53|4|4.32|5.83|0.000|~|0.6230|0.5519|2026-10-04T09:27:48.328016
guangzhou|2026-09-28|50|36.0|26.0|10.0|36.0|0.0|29.0|25.0|4.0|79.1|~|7.0|5.18|6|4.86|7.78|0.000|~|0.7096|0.5949|2026-10-04T09:27:48.328016
guangzhou|2026-09-29|48|36.0|28.0|8.0|36.0|0.0|30.0|26.0|4.0|79.24|~|6.0|3.33|4|5.08|5.83|0.000|~|0.8398|0.4537|2026-10-04T09:27:48.328016
guangzhou|2026-09-30|48|37.0|28.0|9.0|36.0|1.0|31.0|26.0|5.0|74.84|~|6.0|4.67|6|4.00|7.78|0.000|~|-0.5665|0.7657|2026-10-04T09:27:48.328016
guangzhou|2026-10-01|54|36.0|24.0|12.0|37.0|-1.0|30.0|26.0|4.0|79.24|~|6.0|4.00|6|5.59|15.55|0.000|~|0.1004|0.3299|2026-10-04T09:27:48.328016
guangzhou|2026-10-02|52|32.0|25.0|7.0|36.0|-4.0|28.0|25.0|3.0|83.82|~|4.0|3.09|8|6.36|11.66|0.000|~|-0.4058|0.0692|2026-10-04T09:27:48.328016
guangzhou|2026-10-03|48|32.0|25.0|7.0|32.0|0.0|26.0|25.0|1.0|94.24|~|6.0|4.56|6|5.62|7.78|0.000|~|-0.3092|0.8259|2026-10-04T09:27:48.328016
guangzhou|2026-10-04|35|33.0|27.0|6.0|32.0|1.0|29.0|25.0|4.0|79.1|~|4.0|4.71|6|5.60|9.72|0.000|~|0.1619|-0.2500|2026-10-04T09:27:48.328016
helsinki|2026-09-02|48|20.0|11.0|9.0|20.0|0.0|11.0|11.0|0.0|100.0|~|9.0|3.22|6|7.83|11.00|0.000|~|0.7721|-0.4447|2026-10-04T02:39:36.924278
helsinki|2026-09-03|48|19.0|11.0|8.0|20.0|-1.0|14.0|12.0|2.0|87.75|~|5.0|2.56|4|11.67|17.00|0.000|~|0.6756|0.7246|2026-10-04T09:27:48.328016
helsinki|2026-09-04|48|18.0|6.0|12.0|19.0|-1.0|8.0|8.0|0.0|100.0|~|10.0|2.00|2|4.56|13.00|0.000|~|0.0228|-0.4042|2026-10-04T09:27:48.328016
helsinki|2026-09-05|48|18.0|5.0|13.0|18.0|0.0|6.0|6.0|0.0|100.0|~|12.0|3.67|6|5.44|9.00|0.000|~|0.6961|-0.2588|2026-10-04T09:27:48.328016
helsinki|2026-09-06|48|15.0|7.0|8.0|18.0|-3.0|10.0|7.0|3.0|81.6|~|5.0|2.33|4|14.50|17.00|0.000|~|0.7664|-0.6309|2026-10-04T09:27:48.328016
helsinki|2026-09-07|48|17.0|2.0|15.0|15.0|2.0|6.0|3.0|3.0|81.06|~|11.0|3.25|6|7.06|11.00|0.000|~|0.3066|0.8858|2026-10-04T09:27:48.328016
helsinki|2026-09-08|48|17.0|14.0|3.0|17.0|0.0|15.0|14.0|1.0|93.74|~|2.0|4.82|6|13.67|17.00|0.000|~|0.1364|0.9849|2026-10-04T09:27:48.328016
helsinki|2026-09-09|48|18.0|15.0|3.0|17.0|1.0|16.0|15.0|1.0|93.79|~|2.0|4.22|6|10.61|18.00|0.000|~|0.3321|0.9004|2026-10-04T09:27:48.328016
helsinki|2026-09-10|48|17.0|12.0|5.0|18.0|-1.0|14.0|14.0|0.0|100.0|~|3.0|2.33|6|6.61|14.00|0.000|~|0.4364|0.3599|2026-10-04T09:27:48.328016
helsinki|2026-09-11|48|17.0|9.0|8.0|17.0|0.0|9.0|8.0|1.0|93.45|~|8.0|2.00|2|14.39|18.00|0.000|~|0.9076|-0.3906|2026-10-04T09:27:48.328016
helsinki|2026-09-12|48|17.0|3.0|14.0|17.0|0.0|5.0|5.0|0.0|100.0|~|12.0|2.33|4|5.28|9.00|0.000|~|0.4150|0.8660|2026-10-04T09:27:48.328016
helsinki|2026-09-13|48|16.0|11.0|5.0|17.0|-1.0|15.0|14.0|1.0|93.74|~|1.0|2.22|4|8.28|10.00|0.000|~|0.7352|0.6314|2026-10-04T09:27:48.328016
helsinki|2026-09-14|48|17.0|5.0|12.0|16.0|1.0|7.0|6.0|1.0|93.35|~|10.0|2.00|2|6.78|10.00|0.000|~|0.6197|-0.7400|2026-10-04T09:27:48.328016
helsinki|2026-09-15|48|17.0|2.0|15.0|17.0|0.0|3.0|3.0|0.0|100.0|~|14.0|2.15|4|4.67|10.00|0.000|~|0.0500|0.9647|2026-10-04T09:27:48.328016
helsinki|2026-09-16|48|16.0|12.0|4.0|17.0|-1.0|14.0|12.0|2.0|87.75|~|2.0|3.44|6|10.83|13.00|0.000|~|-0.2397|0.9503|2026-10-04T09:27:48.328016
helsinki|2026-09-17|48|17.0|11.0|6.0|16.0|1.0|14.0|13.0|1.0|93.7|~|3.0|2.82|6|11.00|14.00|0.000|~|0.7386|0.6523|2026-10-04T09:27:48.328016
helsinki|2026-09-18|48|17.0|11.0|6.0|17.0|0.0|12.0|9.0|3.0|81.87|~|5.0|4.22|6|13.83|17.00|0.000|~|0.2165|0.9600|2026-10-04T09:27:48.328016
helsinki|2026-09-19|48|16.0|11.0|5.0|17.0|-1.0|12.0|11.0|1.0|93.6|~|4.0|4.22|6|13.56|16.00|0.000|~|0.6459|0.7554|2026-10-04T09:27:48.328016
helsinki|2026-09-20|48|17|11|6|16.0|1.0|13|11|2|87.65|~|4|4.00|6|13.72|18.00|0.000|~|0.7329|0.6574|2026-10-04T09:27:48.328016
helsinki|2026-09-21|48|16.0|8|8.0|17|-1.0|9|9|0|100|~|7.0|2.89|4|4.06|8.00|0.000|~|0.3432|-0.3509|2026-10-04T09:27:48.328016
helsinki|2026-09-22|48|15|7.0|8.0|16.0|-1.0|8|7|1|93.4|~|7|2.00|2|8.83|11.00|0.000|~|-0.2321|-0.9613|2026-10-04T09:27:48.328016
helsinki|2026-09-23|48|11.0|7.0|4.0|15|-4.0|7|6|1|93.35|~|4.0|5.60|8|8.72|12.00|0.000|~|-0.3045|-0.9247|2026-10-04T09:27:48.328016
helsinki|2026-09-24|48|14|10|4|11.0|3.0|10|10|0|100|~|4|3.44|6|8.78|11.00|0.000|~|0.1749|-0.9501|2026-10-04T09:27:48.328016
helsinki|2026-09-25|48|13.0|12.0|1.0|14|-1.0|12|12|0|100|~|1.0|3.44|6|13.78|16.00|0.000|~|-0.9476|0.1798|2026-10-04T09:27:48.328016
helsinki|2026-09-26|48|15.0|12.0|3.0|13.0|2.0|13.0|12.0|1.0|93.65|~|2.0|2.56|6|11.33|14.00|0.000|~|0.0463|0.9827|2026-10-04T09:27:48.328016
helsinki|2026-09-27|48|16.0|6.0|10.0|15.0|1.0|8.0|8.0|0.0|100.0|~|8.0|2.00|2|9.83|12.00|0.000|~|0.9729|-0.1110|2026-10-04T09:27:48.328016
helsinki|2026-09-28|48|16.0|5.0|11.0|16.0|0.0|7.0|7.0|0.0|100.0|~|9.0|2.00|2|8.83|11.00|0.000|~|0.0368|0.9769|2026-10-04T09:27:48.328016
helsinki|2026-09-29|48|16.0|9.0|7.0|16.0|0.0|12.0|11.0|1.0|93.6|~|4.0|4.89|6|7.39|10.00|0.000|~|0.3145|0.8986|2026-10-04T09:27:48.328016
helsinki|2026-09-30|48|16.0|4.0|12.0|16.0|0.0|7.0|7.0|0.0|100.0|~|9.0|~|~|4.61|7.00|0.000|~|-0.7612|-0.3942|2026-10-04T09:27:48.328016
helsinki|2026-10-01|48|16.0|3.0|13.0|16.0|0.0|6.0|6.0|0.0|100.0|~|10.0|2.59|8|6.72|10.00|0.000|~|-0.5520|0.7204|2026-10-04T09:27:48.328016
helsinki|2026-10-02|48|15.0|11.0|4.0|16.0|-1.0|11.0|11.0|0.0|100.0|~|4.0|4.67|6|4.89|8.00|0.000|~|0.4670|0.8010|2026-10-04T09:27:48.328016
helsinki|2026-10-03|48|13.0|10.0|3.0|15.0|-2.0|11.0|10.0|1.0|93.55|~|2.0|5.56|6|6.33|9.00|0.000|~|-0.2765|0.9233|2026-10-04T09:27:48.328016
helsinki|2026-10-04|23|14.0|10.0|4.0|13.0|1.0|10.0|10.0|0.0|100.0|~|4.0|2.00|2|8.40|10.00|0.000|~|0.5238|0.8494|2026-10-04T09:27:48.328016
houston|2026-09-02|26|35.0|26.67|8.33|30.56|4.44|26.67|25.56|1.11|93.65|~|8.33|3.60|4|9.50|15.00|0.000|~|0.5304|0.6891|2026-10-04T09:27:48.328016
houston|2026-09-03|30|33.33|23.89|9.44|35.0|-1.67|27.22|26.11|1.11|93.68|~|6.11|3.47|6|5.93|15.00|6.220|~|-0.5526|-0.5102|2026-10-04T09:27:48.328016
houston|2026-09-04|24|32.78|27.22|5.56|33.33|-0.55|27.78|25.56|2.22|87.76|~|5.00|2.89|4|5.33|10.00|0.000|~|-0.4062|0.4255|2026-10-04T09:27:48.328016
houston|2026-09-05|25|32.78|26.11|6.67|32.78|0.00|27.22|25.56|1.66|90.65|~|5.56|3.20|6|6.00|9.00|0.000|~|-0.4289|0.5981|2026-10-04T09:27:48.328016
houston|2026-09-06|131|31.67|26.67|5.00|32.78|-1.11|27.22|25.0|2.22|87.71|~|4.45|4.92|6|3.48|13.00|0.220|~|0.0120|0.0159|2026-10-04T09:27:48.328016
houston|2026-09-07|26|35.0|26.11|8.89|31.67|3.33|26.67|25.0|1.67|90.61|~|8.33|3.80|4|4.80|10.00|0.280|~|0.3528|-0.0539|2026-10-04T09:27:48.328016
houston|2026-09-08|26|33.89|26.67|7.22|35.0|-1.11|27.78|25.56|2.22|87.76|~|6.11|3.82|4|6.73|12.00|0.020|~|-0.6606|0.5411|2026-10-04T09:27:48.328016
houston|2026-09-09|27|32.78|26.11|6.67|33.89|-1.11|27.22|25.0|2.22|87.71|~|5.56|2.40|4|6.00|9.00|0.000|~|-0.9480|0.0428|2026-10-04T09:27:48.328016
houston|2026-09-10|27|31.67|25.56|6.11|32.78|-1.11|26.11|23.89|2.22|87.61|~|5.56|3.40|4|5.40|11.00|0.000|~|-0.3598|0.7201|2026-10-04T09:27:48.328016
houston|2026-09-11|29|34.44|25.56|8.88|31.67|2.77|26.67|24.44|2.23|87.66|~|7.77|2.83|6|10.42|13.00|0.000|~|0.0928|0.6153|2026-10-04T09:27:48.328016
houston|2026-09-12|172|35.56|26.67|8.89|34.44|1.12|27.22|25.56|1.66|90.65|~|8.34|3.87|6|10.80|17.11|0.000|~|-0.0083|0.9062|2026-10-04T09:27:48.328016
houston|2026-09-13|339|33.89|25|8.89|35.56|-1.67|27.78|25.0|2.78|84.91|~|6.11|2.03|6|7.57|14.00|0.000|~|-0.2630|0.8900|2026-10-04T09:27:48.328016
houston|2026-09-14|332|34.44|26|8.44|33.89|0.55|27.22|25.56|1.66|90.65|~|7.22|2.82|8|8.39|14.00|0.000|~|0.1154|0.9556|2026-10-04T09:27:48.328016
houston|2026-09-15|337|34.44|26|8.44|34.44|0.00|27.22|25.56|1.66|90.65|~|7.22|3.63|8|6.04|16.00|2.974|~|-0.0495|0.6000|2026-10-04T09:27:48.328016
houston|2026-09-16|336|33.89|26|7.89|34.44|-0.55|27.22|25.56|1.66|90.65|~|6.67|1.69|4|8.58|14.00|0.000|~|-0.9483|0.1254|2026-10-04T09:27:48.328016
houston|2026-09-17|338|30.56|26|4.56|33.89|-3.33|27.78|25.56|2.22|87.76|~|2.78|5.41|8|8.21|15.01|0.101|~|-0.9410|-0.1397|2026-10-04T09:27:48.328016
houston|2026-09-18|336|33.33|25.0|8.33|30.56|2.77|27.22|23.89|3.33|82.07|~|6.11|1.87|6|8.31|13.02|0.000|~|-0.9502|0.0775|2026-10-04T09:27:48.328016
houston|2026-09-19|336|33.33|24|9.33|33.33|0.00|25.56|22.22|3.34|81.86|~|7.77|2.21|8|5.03|11.00|0.000|~|-0.6672|0.4346|2026-10-04T09:27:48.328016
houston|2026-09-20|336|33.33|24|9.33|33.33|0.00|26.67|22.78|3.89|79.3|1014.3|6.66|2.84|6|5.48|15.01|0.000|~|-0.6685|0.5570|2026-10-04T09:27:48.328016
houston|2026-09-21|336|33.33|26|7.33|33.33|0.00|26.67|24.44|2.23|87.66|1013.7|6.66|2.48|8|4.37|11.00|0.000|-0.60|-0.5604|0.4122|2026-10-04T09:27:48.328016
houston|2026-09-22|338|35.56|25|10.56|33.33|2.23|26.11|24.44|1.67|90.58|1015.6|9.45|1.69|6|5.31|9.99|0.000|1.90|-0.4726|-0.5746|2026-10-04T09:27:48.328016
houston|2026-09-23|337|34.44|26|8.44|35.56|-1.12|27.78|24.44|3.34|82.14|1016.8|6.66|2.22|8|9.48|14.00|0.000|1.20|-0.8235|0.0250|2026-10-04T09:27:48.328016
houston|2026-09-24|335|34.44|26|8.44|34.44|0.00|27.22|23.33|3.89|79.38|1017.8|7.22|1.72|6|6.90|10.00|0.000|1.00|-0.7886|-0.4211|2026-10-04T09:27:48.328016
houston|2026-09-25|343|32.78|23.89|8.89|34.44|-1.66|23.89|17.78|6.11|68.68|1018.3|8.89|0.92|6|6.93|11.99|0.000|0.50|-0.6556|-0.5461|2026-10-04T09:27:48.328016
houston|2026-09-26|336|32.22|22|10.22|32.78|-0.56|23.33|18.89|4.44|76.14|1016.5|8.89|2.28|8|9.10|15.01|0.000|-1.80|-0.8992|-0.1964|2026-10-04T09:27:48.328016
houston|2026-09-27|335|33.89|23|10.89|32.22|1.67|24.44|21.11|3.33|81.72|1014.5|9.45|2.60|8|4.58|14.00|0.000|-2.00|-0.7982|0.1738|2026-10-04T09:27:48.328016
houston|2026-09-28|335|33.33|25|8.33|33.89|-0.56|27.22|23.33|3.89|79.38|1013.3|6.11|1.51|6|9.64|14.00|0.000|-1.20|-0.8834|0.3965|2026-10-04T09:27:48.328016
houston|2026-09-29|336|32.78|24|8.78|33.33|-0.55|26.11|22.22|3.89|79.22|1012.7|6.67|3.87|8|10.73|17.01|0.000|-0.60|-0.7992|0.5324|2026-10-04T09:27:48.328016
houston|2026-09-30|336|33.89|25|8.89|32.78|1.11|26.67|23.33|3.34|82.0|1011.6|7.22|2.97|8|13.06|17.01|0.000|-1.10|-0.4643|0.8651|2026-10-04T09:27:48.328016
houston|2026-10-01|342|31.67|25|6.67|33.89|-2.22|26.67|24.44|2.23|87.66|1010.0|5.00|4.63|8|11.41|18.00|2.921|-1.60|-0.0766|0.8308|2026-10-04T09:27:48.328016
houston|2026-10-02|350|32.78|24|8.78|31.67|1.11|25.0|23.33|1.67|90.5|1012.7|7.78|2.56|6|6.71|17.00|1.855|2.70|-0.8486|-0.2306|2026-10-04T09:27:48.328016
houston|2026-10-03|338|31.67|24|7.67|32.78|-1.11|25.0|23.33|1.67|90.5|1013.7|6.67|5.81|8|11.04|15.01|0.000|1.00|-0.8692|-0.4254|2026-10-04T09:27:48.328016
houston|2026-10-04|47|26.11|25.56|0.55|31.67|-5.56|~|~|~|~|~|~|~|~|~|~|0.000|~|~|~|2026-10-04T09:27:48.328016
istanbul|2026-09-02|48|26.0|22.0|4.0|26.0|0.0|24.0|18.0|6.0|69.19|~|2.0|3.00|4|12.78|15.00|0.000|~|-0.7514|-0.6420|2026-10-04T02:39:37.452473
istanbul|2026-09-03|48|25.0|22.0|3.0|26.0|-1.0|23.0|19.0|4.0|78.23|~|2.0|4.00|4|14.78|16.00|0.000|~|-0.6364|-0.7604|2026-10-04T09:27:48.328016
istanbul|2026-09-04|48|26.0|23.0|3.0|25.0|1.0|24.0|18.0|6.0|69.19|~|2.0|5.56|6|15.28|17.00|0.000|~|-0.5537|-0.8086|2026-10-04T09:27:48.328016
istanbul|2026-09-05|48|26.0|21.0|5.0|26.0|0.0|22.0|20.0|2.0|88.45|~|4.0|2.29|4|9.89|12.00|0.000|~|-0.7035|-0.6931|2026-10-04T09:27:48.328016
istanbul|2026-09-06|48|29.0|19.0|10.0|26.0|3.0|21.0|14.0|7.0|64.3|~|8.0|3.20|4|15.94|21.00|0.000|~|0.0462|-0.8310|2026-10-04T09:27:48.328016
istanbul|2026-09-07|48|26.0|20.0|6.0|29.0|-3.0|23.0|18.0|5.0|73.48|~|3.0|3.56|4|17.50|21.00|0.000|~|-0.9262|-0.3479|2026-10-04T09:27:48.328016
istanbul|2026-09-08|48|24.0|21.0|3.0|26.0|-2.0|22.0|13.0|9.0|56.67|~|2.0|4.00|4|16.83|19.00|0.000|~|-0.8550|-0.4989|2026-10-04T09:27:48.328016
istanbul|2026-09-09|48|25.0|21.0|4.0|24.0|1.0|22.0|14.0|8.0|60.48|~|3.0|4.00|4|17.44|20.00|0.000|~|-0.8432|-0.5277|2026-10-04T09:27:48.328016
istanbul|2026-09-10|48|25.0|22.0|3.0|25.0|0.0|22.0|16.0|6.0|68.79|~|3.0|3.67|4|13.61|15.00|0.000|~|-0.6658|-0.7260|2026-10-04T09:27:48.328016
istanbul|2026-09-11|48|25.0|22.0|3.0|25.0|0.0|23.0|17.0|6.0|68.99|~|2.0|3.44|4|14.00|16.00|0.000|~|-0.8576|-0.4818|2026-10-04T09:27:48.328016
istanbul|2026-09-12|48|25.0|21.0|4.0|25.0|0.0|22.0|17.0|5.0|73.3|~|3.0|2.50|4|9.83|13.00|0.000|~|-0.7761|-0.6144|2026-10-04T09:27:48.328016
istanbul|2026-09-13|48|22.0|18.0|4.0|25.0|-3.0|22.0|18.0|4.0|78.08|~|0.0|5.56|6|17.28|19.00|0.000|~|0.0974|-0.9714|2026-10-04T09:27:48.328016
istanbul|2026-09-14|48|22.0|18.0|4.0|22.0|0.0|19.0|13.0|6.0|68.18|~|3.0|3.67|4|11.72|15.00|0.000|~|-0.2359|-0.8642|2026-10-04T09:27:48.328016
istanbul|2026-09-15|48|23.0|16.0|7.0|22.0|1.0|18.0|13.0|5.0|72.58|~|5.0|4.44|6|16.61|20.00|0.000|~|-0.6519|-0.7291|2026-10-04T09:27:48.328016
istanbul|2026-09-16|48|22.0|18.0|4.0|23.0|-1.0|21.0|11.0|10.0|52.81|~|1.0|4.33|6|10.89|18.00|0.000|~|-0.8537|-0.2282|2026-10-04T09:27:48.328016
istanbul|2026-09-17|48|23.0|17.0|6.0|22.0|1.0|19.0|15.0|4.0|77.62|~|4.0|3.78|4|9.72|13.00|0.000|~|-0.7551|-0.6074|2026-10-04T09:27:48.328016
istanbul|2026-09-18|48|24.0|20.0|4.0|23.0|1.0|21.0|14.0|7.0|64.3|~|3.0|4.00|4|13.67|15.00|0.000|~|-0.5981|-0.7913|2026-10-04T09:27:48.328016
istanbul|2026-09-19|48|24.0|16.0|8.0|24.0|0.0|19.0|16.0|3.0|82.76|~|5.0|4.00|4|12.00|15.00|0.000|~|-0.7654|-0.6013|2026-10-04T09:27:48.328016
istanbul|2026-09-20|48|24|21.0|3.0|24.0|0.0|22|16|6|68.79|~|2|4.56|6|15.39|17.00|0.000|~|-0.7572|-0.6468|2026-10-04T09:27:48.328016
istanbul|2026-09-21|48|26|19.0|7.0|24|2|20|17|3|82.88|~|6|2.78|4|6.17|8.00|0.000|~|-0.6124|-0.6259|2026-10-04T09:27:48.328016
istanbul|2026-09-22|48|23.0|15|8.0|26|-3.0|20|17|3|82.88|~|3.0|3.33|6|14.78|19.00|0.000|~|-0.1456|-0.9392|2026-10-04T09:27:48.328016
istanbul|2026-09-23|48|17|12|5|23.0|-6.0|16|11|5|72.21|~|1|3.33|6|9.72|17.00|0.000|~|-0.1823|-0.6442|2026-10-04T09:27:48.328016
istanbul|2026-09-24|48|19|11|8|17|2|14|9|5|71.84|~|5|3.89|4|7.89|9.00|0.000|~|0.0236|-0.6651|2026-10-04T09:27:48.328016
istanbul|2026-09-25|48|21.0|12|9.0|19|2.0|13|9|4|76.67|~|8.0|3.89|4|10.28|14.00|0.000|~|-0.8123|-0.5452|2026-10-04T09:27:48.328016
istanbul|2026-09-26|48|23.0|18.0|5.0|21.0|2.0|20.0|13.0|7.0|64.07|~|3.0|3.78|4|17.61|22.00|0.000|~|-0.8905|-0.4335|2026-10-04T09:27:48.328016
istanbul|2026-09-27|48|21.0|17.0|4.0|23.0|-2.0|20.0|14.0|6.0|68.38|~|1.0|3.78|6|20.94|23.00|0.000|~|-0.4848|-0.8440|2026-10-04T09:27:48.328016
istanbul|2026-09-28|48|19.0|16.0|3.0|21.0|-2.0|19.0|14.0|5.0|72.76|~|0.0|5.44|6|25.39|28.00|0.000|~|0.2190|-0.9727|2026-10-04T09:27:48.328016
istanbul|2026-09-29|48|19.0|17.0|2.0|19.0|0.0|18.0|15.0|3.0|82.63|~|1.0|3.56|6|22.72|28.00|0.000|~|-0.1343|-0.9694|2026-10-04T09:27:48.328016
istanbul|2026-09-30|48|21.0|18.0|3.0|19.0|2.0|19.0|12.0|7.0|63.85|~|2.0|3.78|4|25.00|29.00|0.000|~|-0.7450|-0.6614|2026-10-04T09:27:48.328016
istanbul|2026-10-01|48|20.0|17.0|3.0|21.0|-1.0|19.0|9.0|10.0|52.27|~|1.0|4.78|6|22.89|25.00|0.000|~|-0.7514|-0.6428|2026-10-04T09:27:48.328016
istanbul|2026-10-02|48|20.0|14.0|6.0|20.0|0.0|17.0|13.0|4.0|77.31|~|3.0|5.11|6|26.17|30.00|0.000|~|-0.7113|-0.6936|2026-10-04T09:27:48.328016
istanbul|2026-10-03|48|19.0|15.0|4.0|20.0|-1.0|17.0|10.0|7.0|63.39|~|2.0|6.00|6|22.39|26.00|0.000|~|-0.7561|-0.6351|2026-10-04T09:27:48.328016
istanbul|2026-10-04|23|19.0|16.0|3.0|19.0|0.0|17.0|10.0|7.0|63.39|~|2.0|4.00|4|17.00|18.00|0.000|~|-0.8460|-0.5286|2026-10-04T09:27:48.328016
jeddah|2026-09-02|24|37.0|31.0|6.0|37.0|0.0|32.0|23.0|9.0|59.12|~|5.0|3.33|4|11.22|14.00|0.000|~|0.8222|-0.4692|2026-10-04T02:39:37.643004
jeddah|2026-09-03|24|37.0|30.0|7.0|37.0|0.0|32.0|27.0|5.0|75.01|~|5.0|2.00|2|10.89|14.00|0.000|~|0.7495|-0.5751|2026-10-04T09:27:48.328016
jeddah|2026-09-04|24|37.0|30.0|7.0|37.0|0.0|32.0|26.0|6.0|70.72|~|5.0|2.00|2|14.56|19.00|0.000|~|0.7264|-0.6655|2026-10-04T09:27:48.328016
jeddah|2026-09-05|24|37.0|30.0|7.0|37.0|0.0|32.0|24.0|8.0|62.78|~|5.0|~|~|10.33|13.00|0.000|~|0.8514|-0.4862|2026-10-04T09:27:48.328016
jeddah|2026-09-06|24|38.0|31.0|7.0|37.0|1.0|32.0|25.0|7.0|66.65|~|6.0|2.00|2|9.78|12.00|0.000|~|0.7942|-0.5777|2026-10-04T09:27:48.328016
jeddah|2026-09-07|24|36.0|31.0|5.0|38.0|-2.0|31.0|26.0|5.0|74.84|~|5.0|2.00|2|7.11|9.00|0.000|~|0.9465|-0.2398|2026-10-04T09:27:48.328016
jeddah|2026-09-08|24|38.0|30.0|8.0|36.0|2.0|32.0|25.0|7.0|66.65|~|6.0|2.67|4|6.78|9.00|0.000|~|0.9154|-0.0769|2026-10-04T09:27:48.328016
jeddah|2026-09-09|24|38.0|29.0|9.0|38.0|0.0|31.0|27.0|4.0|79.38|~|7.0|3.60|4|7.67|11.00|0.000|~|0.8161|-0.4745|2026-10-04T09:27:48.328016
jeddah|2026-09-10|24|37.0|30.0|7.0|38.0|-1.0|31.0|28.0|3.0|84.15|~|6.0|2.00|2|7.44|10.00|0.000|~|0.9480|-0.1641|2026-10-04T09:27:48.328016
jeddah|2026-09-11|24|37.0|31.0|6.0|37.0|0.0|32.0|28.0|4.0|79.52|~|5.0|2.00|2|7.89|10.00|0.000|~|0.6673|0.4797|2026-10-04T09:27:48.328016
jeddah|2026-09-12|24|37.0|32.0|5.0|37.0|0.0|33.0|28.0|5.0|75.17|~|4.0|2.00|2|8.56|10.00|0.000|~|0.5129|0.5330|2026-10-04T09:27:48.328016
jeddah|2026-09-13|24|37.0|31.0|6.0|37.0|0.0|32.0|29.0|3.0|84.26|~|5.0|2.00|2|7.00|10.00|0.000|~|0.9166|-0.2635|2026-10-04T09:27:48.328016
jeddah|2026-09-14|24|37.0|31.0|6.0|37.0|0.0|32.0|29.0|3.0|84.26|~|5.0|2.00|2|8.44|11.00|0.000|~|0.8124|-0.4368|2026-10-04T09:27:48.328016
jeddah|2026-09-15|24|40.0|31.0|9.0|37.0|3.0|32.0|30.0|2.0|89.25|~|8.0|~|~|6.89|10.00|0.000|~|0.8966|-0.2711|2026-10-04T09:27:48.328016
jeddah|2026-09-16|24|39.0|32.0|7.0|40.0|-1.0|33.0|29.0|4.0|79.66|~|6.0|0.00|0|7.00|10.00|0.000|~|0.5242|0.5988|2026-10-04T09:27:48.328016
jeddah|2026-09-17|24|36.0|31.0|5.0|39.0|-3.0|32.0|28.0|4.0|79.52|~|4.0|1.33|2|7.00|9.00|0.000|~|0.9042|0.1317|2026-10-04T09:27:48.328016
jeddah|2026-09-18|24|38.0|30.0|8.0|36.0|2.0|32.0|29.0|3.0|84.26|~|6.0|0.22|2|5.89|10.00|0.000|~|0.9303|0.1870|2026-10-04T09:27:48.328016
jeddah|2026-09-19|24|37.0|31.0|6.0|38.0|-1.0|32.0|27.0|5.0|75.01|~|5.0|2.00|2|6.89|10.00|0.000|~|0.9569|0.1105|2026-10-04T09:27:48.328016
jeddah|2026-09-20|24|36.0|30.0|6.0|37.0|-1.0|32.0|27.0|5.0|75.01|~|4.0|~|~|7.00|10.00|0.000|~|0.8917|-0.2597|2026-10-04T09:27:48.328016
jeddah|2026-09-21|24|36.0|30.0|6.0|36.0|0.0|31.0|28.0|3.0|84.15|~|5.0|0.00|0|6.33|9.00|0.000|~|0.9405|0.0199|2026-10-04T09:27:48.328016
jeddah|2026-09-22|24|36|31|5|36.0|0.0|32|29|3|84.26|~|4|2.67|4|7.67|10.00|0.000|~|0.8201|0.4925|2026-10-04T09:27:48.328016
jeddah|2026-09-23|24|36|30|6|36|0|32|27|5|75.01|~|4|~|~|7.56|10.00|0.000|~|0.9456|-0.2538|2026-10-04T09:27:48.328016
jeddah|2026-09-24|24|36|30|6|36|0|31|28|3|84.15|~|5|~|~|9.11|11.00|0.000|~|0.8302|-0.5142|2026-10-04T09:27:48.328016
jeddah|2026-09-25|24|37.0|30|7.0|36|1.0|32|26|6|70.72|~|5.0|2.00|2|11.78|18.00|0.000|~|0.7374|-0.6262|2026-10-04T09:27:48.328016
jeddah|2026-09-26|24|37.0|30.0|7.0|37.0|0.0|32.0|25.0|7.0|66.65|~|5.0|~|~|10.78|14.00|0.000|~|0.7672|-0.5930|2026-10-04T09:27:48.328016
jeddah|2026-09-27|24|35.0|29.0|6.0|37.0|-2.0|31.0|25.0|6.0|70.53|~|4.0|2.00|2|8.11|10.00|0.000|~|0.8643|-0.2864|2026-10-04T09:27:48.328016
jeddah|2026-09-28|24|35.0|28.0|7.0|35.0|0.0|30.0|27.0|3.0|84.04|~|5.0|~|~|6.89|10.00|0.000|~|0.8495|0.1290|2026-10-04T09:27:48.328016
jeddah|2026-09-29|24|36.0|28.0|8.0|35.0|1.0|30.0|28.0|2.0|89.1|~|6.0|~|~|6.22|9.00|0.000|~|0.9067|-0.0101|2026-10-04T09:27:48.328016
jeddah|2026-09-30|24|35.0|29.0|6.0|36.0|-1.0|30.0|27.0|3.0|84.04|~|5.0|~|~|6.78|9.00|0.000|~|0.9512|0.0563|2026-10-04T09:27:48.328016
jeddah|2026-10-01|24|36.0|29.0|7.0|35.0|1.0|31.0|28.0|3.0|84.15|~|5.0|~|~|7.67|11.00|0.000|~|0.8069|0.4740|2026-10-04T09:27:48.328016
jeddah|2026-10-02|24|35.0|29.0|6.0|36.0|-1.0|30.0|27.0|3.0|84.04|~|5.0|~|~|6.00|7.00|0.000|~|0.9860|-0.0057|2026-10-04T09:27:48.328016
jeddah|2026-10-03|24|36.0|29.0|7.0|35.0|1.0|31.0|26.0|5.0|74.84|~|5.0|2.00|2|8.00|10.00|0.000|~|0.8170|-0.4405|2026-10-04T09:27:48.328016
jeddah|2026-10-04|12|35.0|30.0|5.0|36.0|-1.0|31.0|26.0|5.0|74.84|~|4.0|~|~|4.00|6.00|0.000|~|0.9330|-0.2500|2026-10-04T09:27:48.328016
karachi|2026-09-02|47|33.0|26.0|7.0|30.0|3.0|27.0|23.0|4.0|78.81|~|6.0|3.41|4|13.53|17.00|0.000|~|0.9085|0.3874|2026-10-04T02:39:37.822697
karachi|2026-09-03|48|32.0|26.0|6.0|33.0|-1.0|27.0|22.0|5.0|74.17|~|5.0|6.00|6|13.78|17.00|0.000|~|0.9170|0.3676|2026-10-04T09:27:48.328016
karachi|2026-09-04|48|31.0|27.0|4.0|32.0|-1.0|28.0|23.0|5.0|74.34|~|3.0|3.67|4|15.17|22.00|0.000|~|0.9094|0.3908|2026-10-04T09:27:48.328016
karachi|2026-09-05|48|33.0|27.0|6.0|31.0|2.0|28.0|23.0|5.0|74.34|~|5.0|3.22|4|15.28|22.00|0.000|~|0.9331|0.2869|2026-10-04T09:27:48.328016
karachi|2026-09-06|48|31.0|26.0|5.0|33.0|-2.0|28.0|24.0|4.0|78.96|~|3.0|3.33|4|15.11|19.00|0.000|~|0.9088|0.3969|2026-10-04T09:27:48.328016
karachi|2026-09-07|48|32.0|27.0|5.0|31.0|1.0|28.0|23.0|5.0|74.34|~|4.0|4.44|6|17.50|22.00|0.000|~|0.8782|0.4449|2026-10-04T09:27:48.328016
karachi|2026-09-08|48|32.0|27.0|5.0|32.0|0.0|28.0|23.0|5.0|74.34|~|4.0|6.00|6|13.94|19.00|0.000|~|0.7616|0.6133|2026-10-04T09:27:48.328016
karachi|2026-09-09|48|33.0|26.0|7.0|32.0|1.0|28.0|23.0|5.0|74.34|~|5.0|4.11|6|10.94|17.00|0.000|~|0.7274|0.6110|2026-10-04T09:27:48.328016
karachi|2026-09-10|48|32.0|25.0|7.0|33.0|-1.0|27.0|23.0|4.0|78.81|~|5.0|3.56|6|9.67|14.00|0.000|~|0.6822|0.6676|2026-10-04T09:27:48.328016
karachi|2026-09-11|48|33.0|25.0|8.0|32.0|1.0|27.0|23.0|4.0|78.81|~|6.0|2.44|4|8.33|10.00|0.000|~|0.6246|0.7283|2026-10-04T09:27:48.328016
karachi|2026-09-12|48|36.0|26.0|10.0|33.0|3.0|28.0|22.0|6.0|69.97|~|8.0|0.00|0|8.94|16.00|0.000|~|0.8551|0.4902|2026-10-04T09:27:48.328016
karachi|2026-09-13|48|40.0|26.0|14.0|36.0|4.0|28.0|24.0|4.0|78.96|~|12.0|1.89|4|8.61|16.00|0.000|~|0.9359|0.2002|2026-10-04T09:27:48.328016
karachi|2026-09-14|48|39.0|28.0|11.0|40.0|-1.0|30.0|24.0|6.0|70.35|~|9.0|2.89|4|10.33|16.00|0.000|~|0.7772|0.5419|2026-10-04T09:27:48.328016
karachi|2026-09-15|48|34.0|28.0|6.0|39.0|-5.0|29.0|25.0|4.0|79.1|~|5.0|2.33|4|5.83|9.00|0.000|~|-0.1841|0.6782|2026-10-04T09:27:48.328016
karachi|2026-09-16|47|36.0|27.0|9.0|34.0|2.0|29.0|26.0|3.0|83.93|~|7.0|3.41|6|9.71|15.00|0.000|~|-0.3573|0.6154|2026-10-04T09:27:48.328016
karachi|2026-09-17|47|34.0|28.0|6.0|36.0|-2.0|29.0|23.0|6.0|70.16|~|5.0|2.56|4|12.06|15.00|0.000|~|0.8509|0.4818|2026-10-04T09:27:48.328016
karachi|2026-09-18|48|35.0|28.0|7.0|34.0|1.0|29.0|22.0|7.0|66.03|~|6.0|1.33|4|10.50|15.00|0.000|~|0.8260|0.4005|2026-10-04T09:27:48.328016
karachi|2026-09-19|48|33.0|28.0|5.0|35.0|-2.0|29.0|24.0|5.0|74.51|~|4.0|1.33|4|10.67|15.00|0.000|~|0.6863|0.6609|2026-10-04T09:27:48.328016
karachi|2026-09-20|48|37.0|27.0|10.0|33.0|4.0|28|24|4|78.96|~|9.0|0.00|0|7.94|14.00|0.000|~|0.7768|0.5304|2026-10-04T09:27:48.328016
karachi|2026-09-21|48|41.0|28.0|13.0|37.0|4.0|30|21|9|58.64|~|11.0|1.33|4|8.28|15.00|0.000|~|0.7554|0.3781|2026-10-04T09:27:48.328016
karachi|2026-09-22|48|39.0|28.0|11.0|41.0|-2.0|30|22|8|62.34|~|9.0|0.00|0|10.44|15.00|0.000|~|0.8330|0.5015|2026-10-04T09:27:48.328016
karachi|2026-09-23|48|36.0|28.0|8.0|39.0|-3.0|29|24|5|74.51|~|7.0|1.11|2|12.22|16.00|0.000|~|0.9068|0.3586|2026-10-04T09:27:48.328016
karachi|2026-09-24|48|34|28|6|36.0|-2.0|29|25|4|79.1|~|5|1.11|4|14.17|19.00|0.000|~|0.8694|0.4799|2026-10-04T09:27:48.328016
karachi|2026-09-25|48|34.0|27|7.0|34|0.0|28|23|5|74.34|~|6.0|2.89|6|15.61|21.00|0.000|~|0.9035|0.3677|2026-10-04T09:27:48.328016
karachi|2026-09-26|48|33.0|28.0|5.0|34.0|-1.0|28.0|23.0|5.0|74.34|~|5.0|5.78|6|16.33|20.00|0.000|~|0.9064|0.3591|2026-10-04T09:27:48.328016
karachi|2026-09-27|48|33.0|27.0|6.0|33.0|0.0|28.0|24.0|4.0|78.96|~|5.0|5.33|6|15.28|18.00|0.000|~|0.8090|0.5622|2026-10-04T09:27:48.328016
karachi|2026-09-28|47|32.0|27.0|5.0|33.0|-1.0|28.0|23.0|5.0|74.34|~|4.0|3.38|4|12.65|18.00|0.000|~|0.7486|0.6040|2026-10-04T09:27:48.328016
karachi|2026-09-29|48|33.0|26.0|7.0|32.0|1.0|27.0|23.0|4.0|78.81|~|6.0|1.22|2|8.94|17.00|0.000|~|0.7700|0.6153|2026-10-04T09:27:48.328016
karachi|2026-09-30|48|33.0|26.0|7.0|33.0|0.0|27.0|23.0|4.0|78.81|~|6.0|2.89|4|13.00|19.00|0.000|~|0.8732|0.4498|2026-10-04T09:27:48.328016
karachi|2026-10-01|46|34.0|26.0|8.0|33.0|1.0|27.0|22.0|5.0|74.17|~|7.0|0.67|4|11.56|14.00|0.000|~|0.9381|0.2109|2026-10-04T09:27:48.328016
karachi|2026-10-02|48|35.0|26.0|9.0|34.0|1.0|27.0|23.0|4.0|78.81|~|8.0|0.47|4|10.44|14.00|0.000|~|0.9378|0.2435|2026-10-04T09:27:48.328016
karachi|2026-10-03|48|34.0|26.0|8.0|35.0|-1.0|28.0|24.0|4.0|78.96|~|6.0|2.89|4|16.44|22.00|0.000|~|0.9366|0.2833|2026-10-04T09:27:48.328016
karachi|2026-10-04|28|33.0|28.0|5.0|34.0|-1.0|28.0|20.0|8.0|61.88|~|5.0|0.60|2|16.70|21.00|0.000|~|0.9256|0.3026|2026-10-04T09:27:48.328016
kuala_lumpur|2026-09-02|48|34.0|26.0|8.0|33.0|1.0|27.0|26.0|1.0|94.29|~|7.0|2.00|2|3.89|8.00|0.000|~|-0.2522|0.5081|2026-10-04T02:39:38.011044
kuala_lumpur|2026-09-03|50|33.0|26.0|7.0|34.0|-1.0|27.0|25.0|2.0|88.86|~|6.0|2.11|4|3.21|5.00|0.000|~|0.2237|-0.4144|2026-10-04T09:27:48.328016
kuala_lumpur|2026-09-04|51|34.0|21.0|13.0|33.0|1.0|24.0|23.0|1.0|94.16|~|10.0|2.33|4|2.83|4.00|0.000|~|0.9397|0.3420|2026-10-04T09:27:48.328016
kuala_lumpur|2026-09-05|48|32.0|26.0|6.0|34.0|-2.0|27.0|24.0|3.0|83.7|~|5.0|2.00|2|4.11|7.00|0.000|~|-0.6787|0.7301|2026-10-04T09:27:48.328016
kuala_lumpur|2026-09-06|48|33.0|26.0|7.0|32.0|1.0|27.0|24.0|3.0|83.7|~|6.0|2.00|2|3.44|5.00|0.000|~|-0.5837|0.5366|2026-10-04T09:27:48.328016
kuala_lumpur|2026-09-07|48|34.0|25.0|9.0|33.0|1.0|26.0|21.0|5.0|74.0|~|8.0|2.00|2|3.61|5.00|0.000|~|~|~|2026-10-04T09:27:48.328016
kuala_lumpur|2026-09-08|48|33.0|26.0|7.0|34.0|-1.0|26.0|24.0|2.0|88.78|~|7.0|2.56|4|3.22|5.00|0.000|~|-0.6498|0.7376|2026-10-04T09:27:48.328016
kuala_lumpur|2026-09-09|50|33.0|27.0|6.0|33.0|0.0|27.0|25.0|2.0|88.86|~|6.0|2.11|4|3.17|5.00|0.000|~|-0.3420|0.9397|2026-10-04T09:27:48.328016
kuala_lumpur|2026-09-10|49|33.0|26.0|7.0|33.0|0.0|27.0|24.0|3.0|83.7|~|6.0|2.78|4|3.33|6.00|0.000|~|-0.9577|-0.2747|2026-10-04T09:27:48.328016
kuala_lumpur|2026-09-11|51|29.0|25.0|4.0|33.0|-4.0|26.0|25.0|1.0|94.24|~|3.0|2.11|4|3.53|6.00|0.000|~|-0.8069|0.5684|2026-10-04T09:27:48.328016
kuala_lumpur|2026-09-12|49|32.0|25.0|7.0|29.0|3.0|25.0|24.0|1.0|94.2|~|7.0|2.56|4|3.78|8.00|0.000|~|-0.6428|0.7660|2026-10-04T09:27:48.328016
kuala_lumpur|2026-09-13|48|33.0|26.0|7.0|32.0|1.0|27.0|25.0|2.0|88.86|~|6.0|2.33|4|5.56|9.00|0.000|~|-0.6523|0.7080|2026-10-04T09:27:48.328016
kuala_lumpur|2026-09-14|48|33.0|26.0|7.0|33.0|0.0|26.0|25.0|1.0|94.24|~|7.0|2.00|2|4.94|8.00|0.000|~|-0.6879|0.7100|2026-10-04T09:27:48.328016
kuala_lumpur|2026-09-15|48|33.0|26.0|7.0|33.0|0.0|26.0|25.0|1.0|94.24|~|7.0|2.22|4|4.67|6.00|0.000|~|-0.7125|0.4378|2026-10-04T09:27:48.328016
kuala_lumpur|2026-09-16|48|33.0|27.0|6.0|33.0|0.0|27.0|25.0|2.0|88.86|~|6.0|2.00|2|3.78|5.00|0.000|~|~|~|2026-10-04T09:27:48.328016
kuala_lumpur|2026-09-17|48|33.0|26.0|7.0|33.0|0.0|27.0|22.0|5.0|74.17|~|6.0|2.00|2|2.83|4.00|0.000|~|0.2620|0.7198|2026-10-04T09:27:48.328016
kuala_lumpur|2026-09-18|49|33.0|26.0|7.0|33.0|0.0|27.0|25.0|2.0|88.86|~|6.0|2.11|4|3.00|8.00|0.000|~|0.2444|-0.2853|2026-10-04T09:27:48.328016
kuala_lumpur|2026-09-19|49|32.0|26.0|6.0|33.0|-1.0|27.0|25.0|2.0|88.86|~|5.0|2.00|2|4.26|6.00|0.000|~|0.1577|0.9640|2026-10-04T09:27:48.328016
kuala_lumpur|2026-09-20|49|33.0|27.0|6.0|32.0|1.0|28.0|25.0|3.0|83.82|~|5.0|2.21|4|4.00|6.00|0.000|~|-0.7191|0.6822|2026-10-04T09:27:48.328016
kuala_lumpur|2026-09-21|48|33.0|26.0|7.0|33.0|0.0|26.0|25.0|1.0|94.24|~|7.0|2.00|2|2.72|5.00|0.000|~|0.8660|0.5000|2026-10-04T09:27:48.328016
kuala_lumpur|2026-09-22|50|31|24|7|33.0|-2.0|26.0|24.0|2.0|88.78|~|5.0|2.00|2|3.28|5.00|0.000|~|-0.5107|0.5407|2026-10-04T09:27:48.328016
kuala_lumpur|2026-09-23|48|31|25|6|31|0|26|24|2|88.78|~|5|2.00|2|3.83|6.00|0.000|~|-0.7408|0.5158|2026-10-04T09:27:48.328016
kuala_lumpur|2026-09-24|48|32|25|7|31|1|26|24|2|88.78|~|6|2.33|4|2.83|5.00|0.000|~|-0.5952|0.7994|2026-10-04T09:27:48.328016
kuala_lumpur|2026-09-25|48|33|26|7|32|1|28|25|3|83.82|~|5|2.44|4|4.50|6.00|0.000|~|-0.7139|0.6516|2026-10-04T09:27:48.328016
kuala_lumpur|2026-09-26|48|32.0|26.0|6.0|33|-1.0|26.0|24.0|2.0|88.78|~|6.0|2.44|4|3.00|5.00|0.000|~|~|~|2026-10-04T09:27:48.328016
kuala_lumpur|2026-09-27|48|29.0|25.0|4.0|32.0|-3.0|25.0|24.0|1.0|94.2|~|4.0|2.78|4|3.72|6.00|0.000|~|-0.7422|0.6400|2026-10-04T09:27:48.328016
kuala_lumpur|2026-09-28|48|33.0|25.0|8.0|29.0|4.0|26.0|24.0|2.0|88.78|~|7.0|2.33|4|6.67|10.00|0.000|~|-0.6583|0.7093|2026-10-04T09:27:48.328016
kuala_lumpur|2026-09-29|48|34.0|26.0|8.0|33.0|1.0|27.0|24.0|3.0|83.7|~|7.0|2.00|2|4.56|6.00|0.000|~|-0.8060|0.4148|2026-10-04T09:27:48.328016
kuala_lumpur|2026-09-30|48|33.0|25.0|8.0|34.0|-1.0|25.0|24.0|1.0|94.2|~|8.0|2.11|4|3.44|10.00|0.000|~|~|~|2026-10-04T09:27:48.328016
kuala_lumpur|2026-10-01|48|34.0|25.0|9.0|33.0|1.0|25.0|24.0|1.0|94.2|~|9.0|2.33|4|2.72|5.00|0.000|~|~|~|2026-10-04T09:27:48.328016
kuala_lumpur|2026-10-02|48|33.0|25.0|8.0|34.0|-1.0|26.0|25.0|1.0|94.24|~|7.0|2.00|2|3.22|5.00|0.000|~|0.8105|0.5793|2026-10-04T09:27:48.328016
kuala_lumpur|2026-10-03|48|33.0|25.0|8.0|33.0|0.0|26.0|25.0|1.0|94.24|~|7.0|2.56|4|3.56|5.00|0.000|~|~|~|2026-10-04T09:27:48.328016
kuala_lumpur|2026-10-04|33|32.0|24.0|8.0|33.0|-1.0|26.0|24.0|2.0|88.78|~|6.0|2.13|4|3.93|9.00|0.000|~|0.4983|-0.3050|2026-10-04T09:27:48.328016
london|2026-09-02|48|21.0|17.0|4.0|23.0|-2.0|18.0|14.0|4.0|77.46|~|3.0|4.56|8|11.00|15.00|0.000|~|0.6293|0.7483|2026-10-04T02:39:38.427673
london|2026-09-03|48|26.0|19.0|7.0|21.0|5.0|20.0|16.0|4.0|77.77|~|6.0|4.67|6|12.56|15.00|0.000|~|0.8874|0.4019|2026-10-04T09:27:48.328016
london|2026-09-04|48|22.0|16.0|6.0|26.0|-4.0|21.0|17.0|4.0|77.93|~|1.0|3.33|6|14.44|17.00|0.000|~|0.9740|0.1392|2026-10-04T09:27:48.328016
london|2026-09-05|48|23.0|13.0|10.0|22.0|1.0|14.0|11.0|3.0|82.13|~|9.0|1.22|6|7.11|9.00|0.000|~|0.9077|0.1204|2026-10-04T09:27:48.328016
london|2026-09-06|48|27.0|15.0|12.0|23.0|4.0|17.0|12.0|5.0|72.4|~|10.0|0.00|0|8.83|11.00|0.000|~|0.0708|0.9250|2026-10-04T09:27:48.328016
london|2026-09-07|48|25.0|18.0|7.0|27.0|-2.0|19.0|15.0|4.0|77.62|~|6.0|2.56|6|11.28|16.00|0.000|~|0.9083|0.3727|2026-10-04T09:27:48.328016
london|2026-09-08|48|19.0|14.0|5.0|25.0|-6.0|15.0|13.0|2.0|87.84|~|4.0|3.67|6|6.33|12.00|0.000|~|0.8814|-0.0305|2026-10-04T09:27:48.328016
london|2026-09-09|48|19.0|12.0|7.0|19.0|0.0|14.0|9.0|5.0|71.84|~|5.0|2.78|8|7.44|10.00|0.000|~|0.9293|-0.2686|2026-10-04T09:27:48.328016
london|2026-09-10|48|21.0|14.0|7.0|19.0|2.0|15.0|10.0|5.0|72.02|~|6.0|2.56|8|9.78|12.00|0.000|~|0.6776|0.7092|2026-10-04T09:27:48.328016
london|2026-09-11|48|21.0|16.0|5.0|21.0|0.0|17.0|15.0|2.0|88.01|~|4.0|2.67|6|6.44|9.00|0.000|~|0.8212|-0.4180|2026-10-04T09:27:48.328016
london|2026-09-12|48|23.0|14.0|9.0|21.0|2.0|15.0|10.0|5.0|72.02|~|8.0|2.33|6|11.22|14.00|0.000|~|0.7855|0.6015|2026-10-04T09:27:48.328016
london|2026-09-13|48|23.0|18.0|5.0|23.0|0.0|19.0|17.0|2.0|88.19|~|4.0|5.00|8|8.17|12.00|0.000|~|0.9365|0.3030|2026-10-04T09:27:48.328016
london|2026-09-14|48|25.0|18.0|7.0|23.0|2.0|19.0|17.0|2.0|88.19|~|6.0|4.89|8|8.72|12.00|0.000|~|0.7703|0.6065|2026-10-04T09:27:48.328016
london|2026-09-15|48|23.0|17.0|6.0|25.0|-2.0|17.0|14.0|3.0|82.51|~|6.0|3.00|6|10.28|13.00|0.000|~|0.9274|0.2121|2026-10-04T09:27:48.328016
london|2026-09-16|48|20.0|14.0|6.0|23.0|-3.0|15.0|11.0|4.0|76.99|~|5.0|3.33|6|9.28|11.00|0.000|~|0.9797|0.0124|2026-10-04T09:27:48.328016
london|2026-09-17|48|22.0|14.0|8.0|20.0|2.0|14.0|12.0|2.0|87.75|~|8.0|2.33|6|12.17|14.00|0.000|~|0.9090|0.1701|2026-10-04T09:27:48.328016
london|2026-09-18|48|21.0|12.0|9.0|22.0|-1.0|13.0|9.0|4.0|76.67|~|8.0|1.67|6|11.61|15.00|0.000|~|0.8074|0.5630|2026-10-04T09:27:48.328016
london|2026-09-19|48|22.0|17.0|5.0|21.0|1.0|18.0|14.0|4.0|77.46|~|4.0|5.67|8|11.83|14.00|0.000|~|0.7513|0.6527|2026-10-04T09:27:48.328016
london|2026-09-20|48|20|14|6|22.0|-2.0|17|13|4|77.31|~|3|1.00|4|9.56|12.00|0.000|~|0.9290|-0.3275|2026-10-04T09:27:48.328016
london|2026-09-21|48|23.0|11.0|12.0|20|3.0|12|8|4|76.51|~|11.0|0.56|6|4.67|7.00|0.000|~|0.9417|0.2532|2026-10-04T09:27:48.328016
london|2026-09-22|48|25|15.0|10.0|23.0|2.0|15|11|4|76.99|~|10|2.33|8|3.17|5.00|0.000|~|-0.7257|-0.0024|2026-10-04T09:27:48.328016
london|2026-09-23|48|23|15|8|25|-2|17|13|4|77.31|~|6|2.11|6|8.28|10.00|0.000|~|0.8786|-0.1111|2026-10-04T09:27:48.328016
london|2026-09-24|48|21|12|9|23|-2|12|10|2|87.56|~|9|1.11|6|4.78|6.00|0.000|~|-0.3262|0.4110|2026-10-04T09:27:48.328016
london|2026-09-25|48|24.0|12|12.0|21|3.0|13|11|2|87.65|~|11.0|2.11|8|3.28|6.00|0.000|~|0.4929|-0.3691|2026-10-04T09:27:48.328016
london|2026-09-26|48|21.0|13.0|8.0|24.0|-3.0|13.0|9.0|4.0|76.67|~|8.0|0.00|0|3.78|6.00|0.000|~|0.5986|0.5142|2026-10-04T09:27:48.328016
london|2026-09-27|48|22.0|13.0|9.0|21.0|1.0|14.0|12.0|2.0|87.75|~|8.0|3.22|6|9.28|12.00|0.000|~|0.0597|0.9294|2026-10-04T09:27:48.328016
london|2026-09-28|48|19.0|14.0|5.0|22.0|-3.0|14.0|11.0|3.0|82.13|~|5.0|1.56|6|6.89|11.00|0.000|~|-0.8593|-0.1253|2026-10-04T09:27:48.328016
london|2026-09-29|48|23.0|16.0|7.0|19.0|4.0|18.0|16.0|2.0|88.1|~|5.0|1.00|6|12.56|17.00|0.000|~|-0.9940|0.0453|2026-10-04T09:27:48.328016
london|2026-09-30|48|24.0|18.0|6.0|23.0|1.0|22.0|17.0|5.0|73.3|~|2.0|1.67|6|9.28|12.00|0.000|~|0.2798|0.9138|2026-10-04T09:27:48.328016
london|2026-10-01|48|22.0|14.0|8.0|24.0|-2.0|15.0|12.0|3.0|82.26|~|7.0|0.56|4|8.83|11.00|0.000|~|0.8533|0.5065|2026-10-04T09:27:48.328016
london|2026-10-02|48|22.0|13.0|9.0|22.0|0.0|14.0|11.0|3.0|82.13|~|8.0|2.11|6|8.56|10.00|0.000|~|0.4155|0.8864|2026-10-04T09:27:48.328016
london|2026-10-03|48|20.0|14.0|6.0|22.0|-2.0|14.0|12.0|2.0|87.75|~|6.0|4.00|8|4.44|6.00|0.000|~|0.7794|0.2180|2026-10-04T09:27:48.328016
london|2026-10-04|19|15.0|11.0|4.0|20.0|-5.0|13.0|11.0|2.0|87.65|~|2.0|0.00|0|0.00|0.00|0.000|~|~|~|2026-10-04T09:27:48.328016
los_angeles|2026-09-02|24|24.44|17.78|6.66|23.89|0.55|20.0|15.0|5.0|72.95|~|4.44|1.33|2|10.22|14.00|0.000|~|0.9564|0.2554|2026-10-04T09:27:48.328016
los_angeles|2026-09-03|27|25.0|19.44|5.56|24.44|0.56|20.56|16.11|4.45|75.69|~|4.44|2.00|2|9.40|15.00|0.000|~|0.7080|0.2882|2026-10-04T09:27:48.328016
los_angeles|2026-09-04|28|25.0|18.33|6.67|25.0|0.0|20.56|16.11|4.45|75.69|~|4.44|2.40|4|8.90|13.00|0.000|~|0.8476|0.2823|2026-10-04T09:27:48.328016
los_angeles|2026-09-05|24|26.67|18.33|8.34|25.0|1.67|20.56|17.22|3.34|81.22|~|6.11|2.89|6|8.78|11.00|0.000|~|0.9820|0.1656|2026-10-04T09:27:48.328016
los_angeles|2026-09-06|134|24.44|19|5.44|26.67|-2.23|20.0|16.11|3.89|78.33|~|4.44|2.46|6|6.69|10.00|0.759|~|-0.2119|-0.8091|2026-10-04T09:27:48.328016
los_angeles|2026-09-07|24|28.89|22.78|6.11|24.44|4.45|24.44|20.0|4.44|76.32|~|4.45|2.00|2|7.89|14.00|0.050|~|0.9363|0.1200|2026-10-04T09:27:48.328016
los_angeles|2026-09-08|30|32.78|23.89|8.89|28.89|3.89|26.67|16.67|10.00|54.29|~|6.11|2.13|4|7.00|18.00|0.000|~|0.8384|-0.1548|2026-10-04T09:27:48.328016
los_angeles|2026-09-09|24|36.11|25.0|11.11|32.78|3.33|26.11|20.56|5.55|71.54|~|10.00|2.00|2|8.44|15.00|0.000|~|0.9652|0.2328|2026-10-04T09:27:48.328016
los_angeles|2026-09-10|24|32.78|24.44|8.34|36.11|-3.33|26.67|19.44|7.23|64.63|~|6.11|2.00|2|8.44|11.00|0.000|~|0.6320|0.1821|2026-10-04T09:27:48.328016
los_angeles|2026-09-11|24|29.44|22.78|6.66|32.78|-3.34|24.44|21.11|3.33|81.72|~|5.00|1.78|2|8.56|11.00|0.000|~|0.7363|0.2359|2026-10-04T09:27:48.328016
los_angeles|2026-09-12|206|27.22|21.67|5.55|29.44|-2.22|23.33|20.56|2.77|84.43|~|3.89|2.74|8|10.71|14.00|0.000|~|0.9051|0.3254|2026-10-04T09:27:48.328016
los_angeles|2026-09-13|343|25.56|21|4.56|27.22|-1.66|22.22|19.44|2.78|84.3|~|3.34|2.50|6|9.55|14.00|0.000|~|0.8899|0.3168|2026-10-04T09:27:48.328016
los_angeles|2026-09-14|339|25.56|20|5.56|25.56|0.00|22.22|17.22|5.00|73.34|~|3.34|1.97|8|8.71|13.00|0.000|~|0.5735|0.3647|2026-10-04T09:27:48.328016
los_angeles|2026-09-15|340|26.67|20.56|6.11|25.56|1.11|22.22|15.0|7.22|63.65|~|4.45|2.88|8|8.30|14.00|0.000|~|0.2106|0.6253|2026-10-04T09:27:48.328016
los_angeles|2026-09-16|337|25.56|20.56|5.00|26.67|-1.11|21.67|15.56|6.11|68.23|~|3.89|3.92|8|9.55|15.01|0.000|~|0.6102|0.3249|2026-10-04T09:27:48.328016
los_angeles|2026-09-17|302|24.44|20.56|3.88|25.56|-1.12|21.11|15.0|6.11|68.12|~|3.33|2.02|8|11.52|16.00|0.000|~|0.9682|0.1711|2026-10-04T09:27:48.328016
los_angeles|2026-09-18|340|24.44|18|6.44|24.44|0.00|19.44|15.56|3.88|78.24|~|5.00|1.59|8|9.55|15.01|0.000|~|0.8891|0.2938|2026-10-04T09:27:48.328016
los_angeles|2026-09-19|341|25.0|19|6.0|24.44|0.56|20.56|16.11|4.45|75.69|~|4.44|2.13|6|8.59|13.02|0.000|~|0.8792|0.3640|2026-10-04T09:27:48.328016
los_angeles|2026-09-20|344|25|19|6|25.0|0.0|21.11|16.11|5.00|73.15|1013.9|3.89|3.52|8|8.88|17.11|0.000|~|0.8705|0.3041|2026-10-04T09:27:48.328016
los_angeles|2026-09-21|342|25|20|5|25|0|20.56|16.11|4.45|75.69|1014.1|4.44|3.07|8|8.98|14.00|0.000|0.20|0.9265|0.2585|2026-10-04T09:27:48.328016
los_angeles|2026-09-22|339|24.44|18|6.44|25|-0.56|20.56|15|5.56|70.49|1013.7|3.88|1.42|6|11.05|17.11|0.000|-0.40|0.9531|0.2215|2026-10-04T09:27:48.328016
los_angeles|2026-09-23|344|25|18.89|6.11|24.44|0.56|20.56|17.22|3.34|81.22|1011.1|4.44|0.33|2|8.87|13.02|0.000|-2.60|0.9307|0.3049|2026-10-04T09:27:48.328016
los_angeles|2026-09-24|354|25|20.56|4.44|25|0|21.67|18.89|2.78|84.24|1012.8|3.33|4.27|8|8.24|14.00|0.000|1.70|0.8844|0.2958|2026-10-04T09:27:48.328016
los_angeles|2026-09-25|350|25.0|20|5.0|25|0.0|21.11|18.33|2.78|84.18|1013.5|3.89|3.11|8|8.85|14.00|0.000|0.70|0.8949|0.2075|2026-10-04T09:27:48.328016
los_angeles|2026-09-26|338|27.22|19|8.22|25.0|2.22|20.56|18.33|2.23|87.1|1012.2|6.66|1.15|6|7.96|13.02|0.000|-1.30|0.9634|0.1529|2026-10-04T09:27:48.328016
los_angeles|2026-09-27|336|28.89|21.67|7.22|27.22|1.67|22.22|20.0|2.22|87.26|1011.1|6.67|1.16|6|6.86|13.00|0.000|-1.10|0.9395|0.1740|2026-10-04T09:27:48.328016
los_angeles|2026-09-28|335|25.0|19|6.0|28.89|-3.89|21.67|18.89|2.78|84.24|1009.7|3.33|1.85|6|11.18|18.08|0.000|-1.40|0.9295|0.3057|2026-10-04T09:27:48.328016
los_angeles|2026-09-29|336|28.33|18|10.33|25.0|3.33|19.44|15.56|3.88|78.24|1006.3|8.89|0.44|4|9.19|19.00|0.000|-3.40|0.7707|0.5986|2026-10-04T09:27:48.328016
los_angeles|2026-09-30|345|26.67|20|6.67|28.33|-1.66|21.11|18.33|2.78|84.18|1009.7|5.56|0.72|6|8.50|13.02|0.000|3.40|0.5431|0.3142|2026-10-04T09:27:48.328016
los_angeles|2026-10-01|350|24.44|20.56|3.88|26.67|-2.23|21.11|18.89|2.22|87.16|1011.4|3.33|0.96|6|9.59|14.00|0.000|1.70|0.9607|0.1213|2026-10-04T09:27:48.328016
los_angeles|2026-10-02|330|28.89|19|9.89|24.44|4.45|20.56|18.89|1.67|90.18|1011.3|8.33|0.45|2|8.27|12.05|0.000|-0.10|0.9534|0.1524|2026-10-04T09:27:48.328016
los_angeles|2026-10-03|336|37.78|22|15.78|28.89|8.89|27.22|11.11|16.11|36.64|1010.1|10.56|0.13|2|8.91|14.00|0.000|-1.20|0.5941|0.1975|2026-10-04T09:27:48.328016
los_angeles|2026-10-04|19|29.44|27|2.44|37.78|-8.34|~|~|~|~|~|~|~|~|~|~|0.000|~|~|~|2026-10-04T09:27:48.328016
lucknow|2026-09-02|49|30.0|26.0|4.0|30.0|0.0|27.0|26.0|1.0|94.29|~|3.0|3.58|4|7.05|13.00|0.000|~|-0.8927|-0.3566|2026-10-04T02:39:38.955425
lucknow|2026-09-03|48|30.0|27.0|3.0|30.0|0.0|28.0|26.0|2.0|88.94|~|2.0|4.00|4|8.78|12.00|0.000|~|-0.9748|-0.1931|2026-10-04T09:27:48.328016
lucknow|2026-09-04|48|31.0|26.0|5.0|30.0|1.0|28.0|27.0|1.0|94.33|~|3.0|3.67|4|10.22|15.00|0.000|~|-0.8469|0.4465|2026-10-04T09:27:48.328016
lucknow|2026-09-05|47|32.0|26.0|6.0|31.0|1.0|27.0|25.0|2.0|88.86|~|5.0|3.06|4|9.24|12.00|0.000|~|-0.7292|0.6414|2026-10-04T09:27:48.328016
lucknow|2026-09-06|48|31.0|26.0|5.0|32.0|-1.0|28.0|25.0|3.0|83.82|~|3.0|3.33|4|7.83|12.00|0.000|~|-0.5753|0.7135|2026-10-04T09:27:48.328016
lucknow|2026-09-07|48|31.0|26.0|5.0|31.0|0.0|27.0|26.0|1.0|94.29|~|4.0|3.67|4|4.11|8.00|0.000|~|0.3722|0.4551|2026-10-04T09:27:48.328016
lucknow|2026-09-08|48|32.0|27.0|5.0|31.0|1.0|27.0|26.0|1.0|94.29|~|5.0|3.11|4|6.78|10.00|0.000|~|0.3843|-0.8503|2026-10-04T09:27:48.328016
lucknow|2026-09-09|48|34.0|27.0|7.0|32.0|2.0|29.0|27.0|2.0|89.02|~|5.0|2.67|4|9.00|12.00|0.000|~|0.8506|-0.4740|2026-10-04T09:27:48.328016
lucknow|2026-09-10|48|34.0|27.0|7.0|34.0|0.0|28.0|27.0|1.0|94.33|~|6.0|4.00|4|4.11|9.00|0.000|~|-0.1367|-0.1499|2026-10-04T09:27:48.328016
lucknow|2026-09-11|48|31.0|26.0|5.0|34.0|-3.0|28.0|27.0|1.0|94.33|~|3.0|3.56|4|8.22|12.00|0.000|~|-0.9651|-0.1172|2026-10-04T09:27:48.328016
lucknow|2026-09-12|49|33.0|27.0|6.0|31.0|2.0|29.0|26.0|3.0|83.93|~|4.0|3.78|4|9.94|12.00|0.000|~|-0.9339|0.2708|2026-10-04T09:27:48.328016
lucknow|2026-09-13|48|33.0|27.0|6.0|33.0|0.0|29.0|26.0|3.0|83.93|~|4.0|3.78|4|10.78|14.00|0.000|~|-0.9468|0.2670|2026-10-04T09:27:48.328016
lucknow|2026-09-14|48|32.0|27.0|5.0|33.0|-1.0|28.0|27.0|1.0|94.33|~|4.0|2.78|4|7.00|10.00|0.000|~|-0.3065|0.8889|2026-10-04T09:27:48.328016
lucknow|2026-09-15|48|33.0|26.0|7.0|32.0|1.0|29.0|26.0|3.0|83.93|~|4.0|3.22|4|5.78|8.00|0.000|~|-0.1370|0.9315|2026-10-04T09:27:48.328016
lucknow|2026-09-16|47|34.0|26.0|8.0|33.0|1.0|29.0|26.0|3.0|83.93|~|5.0|3.11|4|6.22|9.00|0.000|~|0.8431|-0.2607|2026-10-04T09:27:48.328016
lucknow|2026-09-17|48|34.0|26.0|8.0|34.0|0.0|29.0|26.0|3.0|83.93|~|5.0|2.89|4|5.61|10.00|0.000|~|0.4702|-0.0285|2026-10-04T09:27:48.328016
lucknow|2026-09-18|47|31.0|26.0|5.0|34.0|-3.0|27.0|23.0|4.0|78.81|~|4.0|3.78|4|6.67|10.00|0.000|~|0.8107|-0.3098|2026-10-04T09:27:48.328016
lucknow|2026-09-19|48|32.0|24.0|8.0|31.0|1.0|30.0|25.0|5.0|74.68|~|2.0|3.89|6|4.83|10.00|0.000|~|0.1667|-0.2921|2026-10-04T09:27:48.328016
lucknow|2026-09-20|48|33.0|25.0|8.0|32.0|1.0|28.0|24.0|4.0|78.96|~|5.0|1.89|4|3.78|6.00|0.000|~|-0.6786|-0.5552|2026-10-04T09:27:48.328016
lucknow|2026-09-21|48|33|27|6|33.0|0.0|29.0|26.0|3.0|83.93|~|4.0|3.33|4|5.72|7.00|0.000|~|-0.9387|-0.2391|2026-10-04T09:27:48.328016
lucknow|2026-09-22|48|33.0|27.0|6.0|33|0.0|30.0|25.0|5.0|74.68|~|3.0|3.33|4|4.22|8.00|0.000|~|0.0809|-0.3674|2026-10-04T09:27:48.328016
lucknow|2026-09-23|49|33.0|26.0|7.0|33.0|0.0|27.0|25.0|2.0|88.86|~|6.0|3.33|4|6.06|12.00|0.000|~|-0.3896|-0.2303|2026-10-04T09:27:48.328016
lucknow|2026-09-24|50|29|23|6|33.0|-4.0|26|24|2|88.78|~|3|3.33|4|12.00|15.00|0.000|~|-0.9787|-0.1319|2026-10-04T09:27:48.328016
lucknow|2026-09-25|48|24|21.0|3.0|29|-5|23|23|0|100|~|1|3.89|4|10.17|15.00|0.000|~|-0.6369|-0.7282|2026-10-04T09:27:48.328016
lucknow|2026-09-26|48|26.0|22.0|4.0|24|2.0|25.0|24.0|1.0|94.2|~|1.0|4.00|4|10.00|12.00|0.000|~|-0.9841|0.0454|2026-10-04T09:27:48.328016
lucknow|2026-09-27|48|25.0|22.0|3.0|26.0|-1.0|22.0|22.0|0.0|100.0|~|3.0|3.89|4|4.89|7.00|0.000|~|0.0954|0.9570|2026-10-04T09:27:48.328016
lucknow|2026-09-28|48|32.0|22.0|10.0|25.0|7.0|25.0|24.0|1.0|94.2|~|7.0|2.00|4|4.17|7.00|0.000|~|0.1826|0.0894|2026-10-04T09:27:48.328016
lucknow|2026-09-29|48|31.0|24.0|7.0|32.0|-1.0|27.0|24.0|3.0|83.7|~|4.0|3.44|4|7.56|11.00|0.000|~|0.9793|-0.0055|2026-10-04T09:27:48.328016
lucknow|2026-09-30|48|31.0|24.0|7.0|31.0|0.0|26.0|24.0|2.0|88.78|~|5.0|2.89|4|8.33|12.00|0.000|~|0.9045|-0.3915|2026-10-04T09:27:48.328016
lucknow|2026-10-01|48|32.0|23.0|9.0|31.0|1.0|27.0|24.0|3.0|83.7|~|5.0|2.00|4|7.39|10.00|0.000|~|0.8809|-0.3897|2026-10-04T09:27:48.328016
lucknow|2026-10-02|48|33.0|23.0|10.0|32.0|1.0|27.0|25.0|2.0|88.86|~|6.0|1.67|4|6.67|10.00|0.000|~|0.8937|-0.2654|2026-10-04T09:27:48.328016
lucknow|2026-10-03|48|33.0|25.0|8.0|33.0|0.0|28.0|25.0|3.0|83.82|~|5.0|1.67|4|7.00|10.00|0.000|~|0.8754|-0.3465|2026-10-04T09:27:48.328016
lucknow|2026-10-04|27|33.0|24.0|9.0|33.0|0.0|27.0|24.0|3.0|83.7|~|6.0|0.60|2|2.70|5.00|0.000|~|0.1966|0.6434|2026-10-04T09:27:48.328016
madrid|2026-09-02|48|36.0|15.0|21.0|34.0|2.0|15.0|5.0|10.0|51.18|~|21.0|~|~|3.61|7.00|0.000|~|0.6989|0.2978|2026-10-04T02:39:39.129022
madrid|2026-09-03|48|38.0|17.0|21.0|36.0|2.0|18.0|5.0|13.0|42.3|~|20.0|~|~|4.78|10.00|0.000|~|0.6713|0.5025|2026-10-04T09:27:48.328016
madrid|2026-09-04|48|38.0|17.0|21.0|38.0|0.0|17.0|3.0|14.0|39.14|~|21.0|~|~|2.94|6.00|0.000|~|0.3728|0.7292|2026-10-04T09:27:48.328016
madrid|2026-09-05|48|36.0|22.0|14.0|38.0|-2.0|22.0|6.0|16.0|35.4|~|14.0|~|~|6.06|14.00|0.000|~|0.7775|-0.0717|2026-10-04T09:27:48.328016
madrid|2026-09-06|48|37.0|22.0|15.0|36.0|1.0|23.0|9.0|14.0|40.89|~|14.0|~|~|4.61|9.00|0.000|~|0.1839|0.5318|2026-10-04T09:27:48.328016
madrid|2026-09-07|48|38.0|20.0|18.0|37.0|1.0|20.0|10.0|10.0|52.54|~|18.0|~|~|4.33|10.00|0.000|~|0.5289|0.6012|2026-10-04T09:27:48.328016
madrid|2026-09-08|48|36.0|20.0|16.0|38.0|-2.0|20.0|5.0|15.0|37.34|~|16.0|~|~|8.06|15.00|0.000|~|0.6525|0.6649|2026-10-04T09:27:48.328016
madrid|2026-09-09|48|27.0|18.0|9.0|36.0|-9.0|19.0|14.0|5.0|72.76|~|8.0|2.22|4|7.00|10.00|0.000|~|-0.3949|-0.8452|2026-10-04T09:27:48.328016
madrid|2026-09-10|48|28.0|10.0|18.0|27.0|1.0|10.0|4.0|6.0|66.26|~|18.0|2.00|2|3.00|5.00|0.000|~|0.0868|-0.1285|2026-10-04T09:27:48.328016
madrid|2026-09-11|48|32.0|12.0|20.0|28.0|4.0|12.0|-2.0|14.0|37.66|~|20.0|~|~|4.50|7.00|0.000|~|0.4327|-0.0671|2026-10-04T09:27:48.328016
madrid|2026-09-12|48|33.0|14.0|19.0|32.0|1.0|14.0|4.0|10.0|50.91|~|19.0|~|~|2.89|6.00|0.000|~|0.0239|0.6094|2026-10-04T09:27:48.328016
madrid|2026-09-13|48|33.0|16.0|17.0|33.0|0.0|16.0|7.0|9.0|55.13|~|17.0|~|~|4.33|7.00|0.000|~|0.0519|0.4203|2026-10-04T09:27:48.328016
madrid|2026-09-14|48|35.0|15.0|20.0|33.0|2.0|15.0|6.0|9.0|54.86|~|20.0|~|~|3.00|6.00|0.000|~|-0.1002|0.5033|2026-10-04T09:27:48.328016
madrid|2026-09-15|48|36.0|15.0|21.0|35.0|1.0|15.0|5.0|10.0|51.18|~|21.0|~|~|3.39|7.00|0.000|~|0.2627|0.5641|2026-10-04T09:27:48.328016
madrid|2026-09-16|48|28.0|19.0|9.0|36.0|-8.0|19.0|12.0|7.0|63.85|~|9.0|2.00|2|7.56|10.00|0.000|~|-0.5545|-0.8058|2026-10-04T09:27:48.328016
madrid|2026-09-17|48|27.0|15.0|12.0|28.0|-1.0|15.0|5.0|10.0|51.18|~|12.0|2.56|4|4.50|9.00|0.000|~|-0.2211|-0.6071|2026-10-04T09:27:48.328016
madrid|2026-09-18|48|28.0|14.0|14.0|27.0|1.0|14.0|7.0|7.0|62.7|~|14.0|2.00|2|3.61|6.00|0.000|~|0.0116|-0.6899|2026-10-04T09:27:48.328016
madrid|2026-09-19|48|29.0|14.0|15.0|28.0|1.0|15.0|7.0|8.0|58.78|~|14.0|2.00|2|3.11|6.00|0.000|~|0.0676|0.6672|2026-10-04T09:27:48.328016
madrid|2026-09-20|48|31.0|14.0|17.0|29.0|2.0|15.0|6.0|9.0|54.86|~|16.0|~|~|2.83|5.00|0.000|~|-0.3984|0.1499|2026-10-04T09:27:48.328016
madrid|2026-09-21|48|33.0|13.0|20.0|31.0|2.0|13.0|5.0|8.0|58.27|~|20.0|2.00|2|2.44|4.00|0.000|~|0.0840|0.4565|2026-10-04T09:27:48.328016
madrid|2026-09-22|48|34|13.0|21.0|33.0|1.0|13|3|10|50.63|~|21|~|~|3.00|5.00|0.000|~|0.3047|-0.1969|2026-10-04T09:27:48.328016
madrid|2026-09-23|48|34|15|19|34|0|15|5|10|51.18|~|19|~|~|3.17|5.00|0.000|~|0.0652|0.4147|2026-10-04T09:27:48.328016
madrid|2026-09-24|48|35|15|20|34|1|15|5|10|51.18|~|20|~|~|4.06|9.00|0.000|~|0.1368|0.5995|2026-10-04T09:27:48.328016
madrid|2026-09-25|48|35.0|15|20.0|35|0.0|15|2|13|41.42|~|20.0|~|~|3.50|7.00|0.000|~|0.4415|0.5205|2026-10-04T09:27:48.328016
madrid|2026-09-26|48|34.0|14.0|20.0|35.0|-1.0|15.0|4.0|11.0|47.72|~|19.0|~|~|3.61|7.00|0.000|~|0.3346|0.7131|2026-10-04T09:27:48.328016
madrid|2026-09-27|48|31.0|17.0|14.0|34.0|-3.0|17.0|5.0|12.0|45.05|~|14.0|~|~|3.83|7.00|0.000|~|0.3319|0.2883|2026-10-04T09:27:48.328016
madrid|2026-09-28|49|26.0|15.0|11.0|31.0|-5.0|20.0|13.0|7.0|64.07|~|6.0|3.50|6|6.16|14.00|0.000|~|-0.0708|0.9537|2026-10-04T09:27:48.328016
madrid|2026-09-29|48|26.0|13.0|13.0|26.0|0.0|14.0|13.0|1.0|93.7|~|12.0|2.89|6|3.94|8.00|0.000|~|0.2095|0.7601|2026-10-04T09:27:48.328016
madrid|2026-09-30|48|29.0|18.0|11.0|26.0|3.0|18.0|14.0|4.0|77.46|~|11.0|2.00|2|4.67|9.00|0.000|~|0.2611|0.7033|2026-10-04T09:27:48.328016
madrid|2026-10-01|48|29.0|15.0|14.0|29.0|0.0|16.0|11.0|5.0|72.21|~|13.0|2.00|2|4.22|6.00|0.000|~|0.1398|-0.7130|2026-10-04T09:27:48.328016
madrid|2026-10-02|52|25.0|16.0|9.0|29.0|-4.0|17.0|15.0|2.0|88.01|~|8.0|2.95|4|4.11|6.00|0.000|~|-0.4814|-0.7815|2026-10-04T09:27:48.328016
madrid|2026-10-03|50|22.0|16.0|6.0|25.0|-3.0|17.0|16.0|1.0|93.84|~|5.0|3.05|6|1.53|4.00|0.000|~|-0.0567|-0.5134|2026-10-04T09:27:48.328016
madrid|2026-10-04|21|17.0|16.0|1.0|22.0|-5.0|16.0|15.0|1.0|93.79|~|1.0|6.00|6|2.33|3.00|0.000|~|~|~|2026-10-04T09:27:48.328016
manila|2026-09-02|27|33.0|28.0|5.0|32.0|1.0|30.0|26.0|4.0|79.24|~|3.0|3.00|6|15.75|22.00|0.000|~|0.8665|0.4812|2026-10-04T02:39:39.318420
manila|2026-09-03|27|32.0|26.0|6.0|33.0|-1.0|30.0|25.0|5.0|74.68|~|2.0|2.80|4|15.90|20.00|0.000|~|0.9240|0.3532|2026-10-04T09:27:53.427668
manila|2026-09-04|28|29.0|25.0|4.0|32.0|-3.0|28.0|26.0|2.0|88.94|~|1.0|3.09|6|12.55|18.00|0.000|~|0.9655|0.2129|2026-10-04T09:27:53.427668
manila|2026-09-05|27|29.0|25.0|4.0|29.0|0.0|26.0|26.0|0.0|100.0|~|3.0|3.56|4|13.22|19.00|0.000|~|0.9098|0.3630|2026-10-04T09:27:53.427668
manila|2026-09-06|26|30.0|26.0|4.0|29.0|1.0|27.0|26.0|1.0|94.29|~|3.0|3.11|4|14.11|18.00|0.000|~|0.9635|0.2532|2026-10-04T09:27:53.427668
manila|2026-09-07|24|27.0|25.0|2.0|30.0|-3.0|27.0|27.0|0.0|100.0|~|0.0|4.00|4|7.56|11.00|0.000|~|0.9218|-0.1069|2026-10-04T09:27:53.427668
manila|2026-09-08|24|28.0|25.0|3.0|27.0|1.0|26.0|25.0|1.0|94.24|~|2.0|3.56|4|7.11|10.00|0.000|~|0.9574|0.1980|2026-10-04T09:27:53.427668
manila|2026-09-09|26|30.0|25.0|5.0|28.0|2.0|27.0|25.0|2.0|88.86|~|3.0|4.00|6|7.40|14.00|0.000|~|0.9844|0.0203|2026-10-04T09:27:53.427668
manila|2026-09-10|25|30.0|24.0|6.0|30.0|0.0|26.0|25.0|1.0|94.24|~|4.0|3.56|4|4.89|8.00|0.000|~|0.4562|0.3900|2026-10-04T09:27:53.427668
manila|2026-09-11|24|30.0|25.0|5.0|30.0|0.0|28.0|24.0|4.0|78.96|~|2.0|2.67|4|6.11|8.00|0.000|~|0.9399|-0.2273|2026-10-04T09:27:53.427668
manila|2026-09-12|24|31.0|26.0|5.0|30.0|1.0|28.0|25.0|3.0|83.82|~|3.0|2.22|4|5.33|8.00|0.000|~|0.9700|-0.1099|2026-10-04T09:27:53.427668
manila|2026-09-13|24|32.0|27.0|5.0|31.0|1.0|29.0|25.0|4.0|79.1|~|3.0|2.89|4|9.44|13.00|0.000|~|0.7144|-0.4330|2026-10-04T09:27:53.427668
manila|2026-09-14|24|32.0|26.0|6.0|32.0|0.0|29.0|25.0|4.0|79.1|~|3.0|2.00|2|7.89|10.00|0.000|~|0.7288|-0.2158|2026-10-04T09:27:53.427668
manila|2026-09-15|25|31.0|27.0|4.0|32.0|-1.0|30.0|25.0|5.0|74.68|~|1.0|2.20|4|5.50|12.00|0.000|~|-0.1233|-0.1292|2026-10-04T09:27:53.427668
manila|2026-09-16|25|32.0|25.0|7.0|31.0|1.0|30.0|26.0|4.0|79.24|~|2.0|2.44|4|4.89|7.00|0.000|~|0.7179|-0.0417|2026-10-04T09:27:53.427668
manila|2026-09-17|25|31.0|25.0|6.0|32.0|-1.0|28.0|26.0|2.0|88.94|~|3.0|3.00|4|4.80|10.00|0.000|~|-0.4773|0.0620|2026-10-04T09:27:53.427668
manila|2026-09-18|25|33.0|25.0|8.0|31.0|2.0|29.0|26.0|3.0|83.93|~|4.0|3.80|4|6.50|20.00|0.000|~|-0.5979|-0.1258|2026-10-04T09:27:53.427668
manila|2026-09-19|24|34.0|26.0|8.0|33.0|1.0|29.0|26.0|3.0|83.93|~|5.0|2.89|4|5.78|10.00|0.000|~|-0.0716|0.3411|2026-10-04T09:27:53.427668
manila|2026-09-20|24|33|27.0|6.0|34.0|-1.0|29|26|3|83.93|~|4|2.22|4|9.11|13.00|0.000|~|0.9817|-0.0564|2026-10-04T09:27:53.427668
manila|2026-09-21|25|32|26|6|33|-1|29|27|2|89.02|~|3|2.00|2|11.89|15.00|0.000|~|0.9882|0.1022|2026-10-04T09:27:53.427668
manila|2026-09-22|25|32|26|6|32|0|30.0|26.0|4.0|79.24|~|2.0|2.00|2|7.20|11.00|0.000|~|0.8474|0.0361|2026-10-04T09:27:53.427668
manila|2026-09-23|25|32|27|5|32|0|29|26|3|83.93|~|3|2.67|4|6.00|9.00|0.000|~|0.8360|-0.2188|2026-10-04T09:27:53.427668
manila|2026-09-24|25|32|27|5|32|0|30|26|4|79.24|~|2|2.44|4|5.89|8.00|0.000|~|0.6342|-0.1845|2026-10-04T09:27:53.427668
manila|2026-09-25|24|34|26|8|32|2|29|25|4|79.1|~|5|2.44|4|5.00|11.00|0.000|~|-0.4721|-0.4329|2026-10-04T09:27:53.427668
manila|2026-09-26|24|32.0|27.0|5.0|34|-2.0|29.0|25.0|4.0|79.1|~|3.0|2.89|4|7.67|10.00|0.000|~|0.9668|0.1179|2026-10-04T09:27:53.427668
manila|2026-09-27|24|33.0|27.0|6.0|32.0|1.0|30.0|26.0|4.0|79.24|~|3.0|2.89|4|7.33|10.00|0.000|~|0.8813|-0.0830|2026-10-04T09:27:53.427668
manila|2026-09-28|24|32.0|28.0|4.0|33.0|-1.0|30.0|26.0|4.0|79.24|~|2.0|2.44|4|7.56|10.00|0.000|~|0.9932|-0.0363|2026-10-04T09:27:53.427668
manila|2026-09-29|24|33.0|28.0|5.0|32.0|1.0|31.0|26.0|5.0|74.84|~|2.0|2.22|4|7.56|11.00|0.000|~|0.8922|0.1943|2026-10-04T09:27:53.427668
manila|2026-09-30|24|33.0|27.0|6.0|33.0|0.0|31.0|25.0|6.0|70.53|~|2.0|2.22|4|6.67|10.00|0.000|~|0.4746|-0.5198|2026-10-04T09:27:53.427668
manila|2026-10-01|24|32.0|28.0|4.0|33.0|-1.0|30.0|26.0|4.0|79.24|~|2.0|2.67|4|4.78|8.00|0.000|~|0.2883|-0.5322|2026-10-04T09:27:53.427668
manila|2026-10-02|25|34.0|27.0|7.0|32.0|2.0|29.0|25.0|4.0|79.1|~|5.0|3.11|4|4.56|8.00|0.000|~|0.8589|0.3296|2026-10-04T09:27:53.427668
manila|2026-10-03|24|33.0|27.0|6.0|34.0|-1.0|30.0|25.0|5.0|74.68|~|3.0|2.89|6|5.78|11.00|0.000|~|0.8353|0.1537|2026-10-04T09:27:53.427668
manila|2026-10-04|17|33.0|27.0|6.0|33.0|0.0|30.0|26.0|4.0|79.24|~|3.0|3.50|6|6.75|12.00|0.000|~|0.7923|-0.0562|2026-10-04T09:27:53.427668
mexico_city|2026-09-02|38|26.0|14.0|12.0|23.0|3.0|16.0|13.0|3.0|82.38|~|10.0|3.69|6|5.00|11.00|0.000|~|-0.7528|0.0809|2026-10-04T09:27:53.427668
mexico_city|2026-09-03|38|26.0|14.0|12.0|26.0|0.0|15.0|12.0|3.0|82.26|~|11.0|3.75|6|6.63|20.00|0.000|~|-0.5897|0.1452|2026-10-04T09:27:53.427668
mexico_city|2026-09-04|29|26.0|12.0|14.0|26.0|0.0|16.0|12.0|4.0|77.15|~|10.0|5.20|8|5.20|12.00|0.000|~|0.0734|-0.6007|2026-10-04T09:27:53.427668
mexico_city|2026-09-05|73|26.0|15.0|11.0|26.0|0.0|18.0|12.0|6.0|67.97|~|8.0|5.50|8|9.68|30.00|0.000|~|-0.4283|-0.2840|2026-10-04T09:27:53.427668
mexico_city|2026-09-06|57|24.0|14.0|10.0|26.0|-2.0|16.0|13.0|3.0|82.38|~|8.0|5.47|8|8.84|15.00|0.000|~|-0.6801|-0.1862|2026-10-04T09:27:53.427668
mexico_city|2026-09-07|37|22.0|14.0|8.0|24.0|-2.0|15.0|13.0|2.0|87.84|~|7.0|5.47|8|8.47|20.00|0.000|~|-0.3886|0.0575|2026-10-04T09:27:53.427668
mexico_city|2026-09-08|33|25.0|15.0|10.0|22.0|3.0|16.0|12.0|4.0|77.15|~|9.0|3.45|6|5.00|12.00|0.000|~|0.2434|-0.6868|2026-10-04T09:27:53.427668
mexico_city|2026-09-09|33|24.0|14.0|10.0|25.0|-1.0|15.0|11.0|4.0|76.99|~|9.0|5.08|6|5.54|13.00|0.000|~|0.0512|0.6946|2026-10-04T09:27:53.427668
mexico_city|2026-09-10|38|25.0|14.0|11.0|24.0|1.0|15.0|12.0|3.0|82.26|~|10.0|4.88|6|7.81|15.00|0.000|~|0.0823|-0.6611|2026-10-04T09:27:53.427668
mexico_city|2026-09-11|48|25.0|14.0|11.0|25.0|0.0|15.0|13.0|2.0|87.84|~|10.0|4.00|6|6.50|20.00|0.000|~|-0.6343|-0.2580|2026-10-04T09:27:53.427668
mexico_city|2026-09-12|42|26.0|14.0|12.0|25.0|1.0|16.0|13.0|3.0|82.38|~|10.0|4.76|6|10.14|25.00|0.000|~|-0.5787|-0.3113|2026-10-04T09:27:53.427668
mexico_city|2026-09-13|41|25.0|14.0|11.0|26.0|-1.0|14.0|12.0|2.0|87.75|~|11.0|4.00|6|7.50|15.00|0.000|~|-0.4178|-0.2172|2026-10-04T09:27:53.427668
mexico_city|2026-09-14|39|24.0|14.0|10.0|25.0|-1.0|15.0|11.0|4.0|76.99|~|9.0|5.10|6|8.10|25.00|0.000|~|-0.2994|0.1313|2026-10-04T09:27:53.427668
mexico_city|2026-09-15|26|25.0|13.0|12.0|24.0|1.0|15.0|11.0|4.0|76.99|~|10.0|3.27|4|6.18|13.00|0.000|~|-0.4610|-0.7312|2026-10-04T09:27:53.427668
mexico_city|2026-09-16|27|26.0|13.0|13.0|25.0|1.0|15.0|9.0|6.0|67.34|~|11.0|3.45|8|7.36|17.00|0.000|~|-0.0639|-0.8287|2026-10-04T09:27:53.427668
mexico_city|2026-09-17|26|24.0|14.0|10.0|26.0|-2.0|16.0|11.0|5.0|72.21|~|8.0|3.82|4|13.82|20.00|0.000|~|-0.4447|-0.8639|2026-10-04T09:27:53.427668
mexico_city|2026-09-18|27|24.0|14.0|10.0|24.0|0.0|16.0|10.0|6.0|67.55|~|8.0|4.73|6|8.55|15.00|0.000|~|-0.4262|-0.7545|2026-10-04T09:27:53.427668
mexico_city|2026-09-19|33|25.0|15.0|10.0|24.0|1.0|17.0|12.0|5.0|72.4|~|8.0|4.92|6|9.85|20.00|0.000|~|-0.3724|-0.6682|2026-10-04T09:27:53.427668
mexico_city|2026-09-20|34|26.0|13.0|13.0|25.0|1.0|15.0|12.0|3.0|82.26|~|11.0|4.00|6|8.36|20.00|0.000|~|-0.8740|-0.0943|2026-10-04T09:27:53.427668
mexico_city|2026-09-21|27|26.0|13.0|13.0|26.0|0.0|15.0|12.0|3.0|82.26|~|11.0|2.60|4|7.70|12.00|0.000|~|-0.2338|-0.8488|2026-10-04T09:27:53.427668
mexico_city|2026-09-22|31|26.0|15.0|11.0|26.0|0.0|16.0|9.0|7.0|63.16|~|10.0|3.67|6|6.92|13.00|0.000|~|-0.3023|-0.7518|2026-10-04T09:27:53.427668
mexico_city|2026-09-23|27|25|14|11|26.0|-1.0|16|11|5|72.21|~|9|4.00|4|4.00|10.00|0.000|~|-0.5702|0.4139|2026-10-04T09:27:53.427668
mexico_city|2026-09-24|31|26|14|12|25|1|16|11|5|72.21|~|10|4.62|6|8.92|18.00|0.000|~|-0.1404|-0.7535|2026-10-04T09:27:53.427668
mexico_city|2026-09-25|37|25.0|16.0|9.0|26|-1.0|18.0|10.0|8.0|59.52|~|7.0|4.60|6|9.30|15.00|0.000|~|0.6582|-0.4299|2026-10-04T09:27:53.427668
mexico_city|2026-09-26|34|24.0|16.0|8.0|25.0|-1.0|17.0|12.0|5.0|72.4|~|7.0|5.22|6|9.00|20.00|0.000|~|0.0731|-0.8544|2026-10-04T09:27:53.427668
mexico_city|2026-09-27|28|26.0|15.0|11.0|24.0|2.0|16.0|12.0|4.0|77.15|~|10.0|5.27|6|8.09|17.00|0.000|~|-0.1109|-0.5224|2026-10-04T09:27:53.427668
mexico_city|2026-09-28|29|26.0|16.0|10.0|26.0|0.0|17.0|12.0|5.0|72.4|~|9.0|4.33|6|8.83|18.00|0.000|~|-0.6896|0.5050|2026-10-04T09:27:53.427668
mexico_city|2026-09-29|27|26.0|17.0|9.0|26.0|0.0|18.0|11.0|7.0|63.62|~|8.0|4.20|6|10.50|14.00|0.000|~|-0.3247|0.7592|2026-10-04T09:27:53.427668
mexico_city|2026-09-30|35|26.0|16.0|10.0|26.0|0.0|18.0|12.0|6.0|67.97|~|8.0|5.33|6|10.61|22.00|0.000|~|0.3217|-0.3525|2026-10-04T09:27:53.427668
mexico_city|2026-10-01|39|25.0|14.0|11.0|26.0|-1.0|16.0|13.0|3.0|82.38|~|9.0|5.37|8|8.11|17.00|0.000|~|-0.1666|0.3952|2026-10-04T09:27:53.427668
mexico_city|2026-10-02|31|24.0|15.0|9.0|25.0|-1.0|16.0|13.0|3.0|82.38|~|8.0|4.36|6|6.18|15.00|0.000|~|-0.3595|-0.7201|2026-10-04T09:27:53.427668
mexico_city|2026-10-03|44|24.0|15.0|9.0|24.0|0.0|16.0|13.0|3.0|82.38|~|8.0|5.77|8|8.46|20.00|0.000|~|-0.6565|-0.2307|2026-10-04T09:27:53.427668
mexico_city|2026-10-04|2|17.0|17.0|0.0|24.0|-7.0|~|~|~|~|~|~|~|~|~|~|0.000|~|~|~|2026-10-04T09:27:53.427668
miami|2026-09-02|30|31.67|25.0|6.67|31.67|0.00|26.11|25.0|1.11|93.63|~|5.56|4.00|6|4.07|9.00|0.240|~|-0.5557|0.3100|2026-10-04T09:27:53.427668
miami|2026-09-03|29|33.89|25.56|8.33|31.67|2.22|26.11|25.0|1.11|93.63|~|7.78|4.46|6|6.54|19.00|0.960|~|0.0822|0.3866|2026-10-04T09:27:53.427668
miami|2026-09-04|30|32.22|26.11|6.11|33.89|-1.67|27.22|25.0|2.22|87.71|~|5.00|2.60|4|3.60|9.00|0.030|~|-0.0772|0.8988|2026-10-04T09:27:53.427668
miami|2026-09-05|34|32.78|25.0|7.78|32.22|0.56|25.56|23.89|1.67|90.54|~|7.22|3.45|6|4.64|8.00|0.950|~|-0.3671|0.5043|2026-10-04T09:27:53.427668
miami|2026-09-06|132|32.22|25|7.22|32.78|-0.56|26.11|24.44|1.67|90.58|~|6.11|1.10|4|2.78|17.00|0.020|~|0.2152|0.3076|2026-10-04T09:27:53.427668
miami|2026-09-07|30|32.78|24.0|8.78|32.22|0.56|27.22|25.0|2.22|87.71|~|5.56|3.29|4|10.71|18.00|0.150|~|-0.1906|0.0614|2026-10-04T09:27:53.427668
miami|2026-09-08|25|32.22|26.11|6.11|32.78|-0.56|26.67|24.44|2.23|87.66|~|5.55|3.20|4|8.50|13.00|0.000|~|-0.8870|0.3481|2026-10-04T09:27:53.427668
miami|2026-09-09|32|32.22|26.67|5.55|32.22|0.00|28.33|25.0|3.33|82.21|~|3.89|3.27|6|8.73|13.00|0.570|~|-0.9436|0.0343|2026-10-04T09:27:53.427668
miami|2026-09-10|30|32.22|23.33|8.89|32.22|0.00|28.89|25.56|3.33|82.28|~|3.33|3.71|8|5.79|14.00|1.820|~|-0.3371|0.5238|2026-10-04T09:27:53.427668
miami|2026-09-11|40|31.11|25.56|5.55|32.22|-1.11|26.67|23.89|2.78|84.79|~|4.44|3.67|6|5.78|13.00|0.280|~|-0.8015|0.3383|2026-10-04T09:27:53.427668
miami|2026-09-12|160|33.89|26|7.89|31.11|2.78|28.33|25.0|3.33|82.21|~|5.56|4.67|6|6.85|11.00|0.000|~|0.0359|0.0993|2026-10-04T09:27:53.427668
miami|2026-09-13|342|32.22|24|8.22|33.89|-1.67|26.11|24.44|1.67|90.58|~|6.11|3.29|8|4.53|12.00|0.988|~|0.0752|0.4441|2026-10-04T09:27:53.427668
miami|2026-09-14|328|31.67|25|6.67|32.22|-0.55|26.11|25.0|1.11|93.63|~|5.56|4.02|8|4.93|11.00|0.032|~|-0.4706|0.7093|2026-10-04T09:27:53.427668
miami|2026-09-15|336|33.33|27|6.33|31.67|1.66|27.78|23.89|3.89|79.45|~|5.55|3.08|6|7.41|14.00|0.000|~|-0.9469|-0.0935|2026-10-04T09:27:53.427668
miami|2026-09-16|342|32.78|26|6.78|33.33|-0.55|27.78|24.44|3.34|82.14|~|5.00|3.51|6|9.40|14.00|0.819|~|-0.8944|-0.2918|2026-10-04T09:27:53.427668
miami|2026-09-17|333|28.89|24|4.89|32.78|-3.89|26.11|23.89|2.22|87.61|~|2.78|3.23|8|4.95|8.01|0.145|~|-0.3656|-0.8221|2026-10-04T09:27:53.427668
miami|2026-09-18|354|31.67|24|7.67|28.89|2.78|26.11|23.33|2.78|84.73|~|5.56|5.45|8|4.95|13.00|0.478|~|-0.6771|-0.2866|2026-10-04T09:27:53.427668
miami|2026-09-19|340|31.67|23.89|7.78|31.67|0.00|24.44|23.33|1.11|93.55|~|7.23|2.88|8|5.96|11.00|0.000|~|-0.7743|0.0782|2026-10-04T09:27:53.427668
miami|2026-09-20|350|31.67|23.0|8.67|31.67|0.00|25.0|22.78|2.22|87.51|~|6.67|4.28|8|5.25|13.00|3.099|~|-0.0081|0.1660|2026-10-04T09:27:53.427668
miami|2026-09-21|336|31.11|24|7.11|31.67|-0.56|25.0|23.89|1.11|93.57|1012.6|6.11|3.73|6|5.96|11.00|0.159|~|-0.0574|0.8622|2026-10-04T09:27:53.427668
miami|2026-09-22|347|31.11|25.0|6.11|31.11|0.00|27.22|24.44|2.78|84.85|1012.8|3.89|3.58|8|7.61|12.00|0.480|0.20|-0.4140|0.7462|2026-10-04T09:27:53.427668
miami|2026-09-23|351|27.78|24|3.78|31.11|-3.33|25|23.33|1.67|90.5|~|2.78|3.44|8|3.07|8.01|1.266|~|-0.5736|0.4748|2026-10-04T09:27:53.427668
miami|2026-09-24|335|32.78|25|7.78|27.78|5.00|25.56|23.89|1.67|90.54|1012.9|7.22|2.47|6|6.48|9.00|0.022|~|0.6242|-0.7105|2026-10-04T09:27:53.427668
miami|2026-09-25|340|32.22|25.56|6.66|32.78|-0.56|25.56|22.78|2.78|84.67|1012.7|6.66|5.81|8|5.57|9.99|0.000|-0.20|-0.0210|-0.7367|2026-10-04T09:27:53.427668
miami|2026-09-26|336|30.56|24|6.56|32.22|-1.66|24.44|21.67|2.77|84.55|1012.4|6.12|1.59|4|6.20|9.00|0.000|-0.30|0.4875|-0.7718|2026-10-04T09:27:53.427668
miami|2026-09-27|336|31.11|24|7.11|30.56|0.55|24.44|21.11|3.33|81.72|1012.3|6.67|3.51|8|4.37|8.01|0.000|-0.10|0.2245|-0.3620|2026-10-04T09:27:53.427668
miami|2026-09-28|323|31.11|24|7.11|31.11|0.00|24.44|17.22|7.22|64.15|1014.0|6.67|2.43|6|5.64|11.08|0.000|1.70|-0.0826|0.5643|2026-10-04T09:27:53.427668
miami|2026-09-29|295|28.33|22|6.33|31.11|-2.78|26.11|20.56|5.55|71.54|1015.5|2.22|5.18|8|4.89|13.00|3.863|1.50|-0.5618|0.0622|2026-10-04T09:27:53.427668
miami|2026-09-30|337|28.89|25|3.89|28.33|0.56|25.56|23.33|2.23|87.56|1016.7|3.33|4.80|8|8.05|12.05|0.268|1.20|-0.9136|0.2627|2026-10-04T09:27:53.427668
miami|2026-10-01|347|28.33|23|5.33|28.89|-0.56|25.56|24.44|1.12|93.6|1015.4|2.77|5.37|8|6.11|11.99|3.723|-1.30|-0.6583|0.0655|2026-10-04T09:27:53.427668
miami|2026-10-02|337|31.11|27|4.11|28.33|2.78|28.33|25.56|2.77|84.97|1015.6|2.78|3.40|8|10.82|15.00|0.159|0.20|-0.9057|0.3902|2026-10-04T09:27:53.427668
miami|2026-10-03|339|30.56|26.67|3.89|31.11|-0.55|28.33|25.0|3.33|82.21|1015.7|2.23|3.54|8|8.81|12.00|0.000|0.10|-0.8919|0.4127|2026-10-04T09:27:53.427668
miami|2026-10-04|62|27.78|26|1.78|30.56|-2.78|~|~|~|~|~|~|~|~|~|~|0.000|~|~|~|2026-10-04T09:27:53.427668
milan|2026-09-02|48|30.0|19.0|11.0|29.0|1.0|23.0|19.0|4.0|78.23|~|7.0|2.67|4|3.72|5.00|0.000|~|-0.2501|0.0684|2026-10-04T02:39:39.977512
milan|2026-09-03|48|31.0|17.0|14.0|30.0|1.0|19.0|15.0|4.0|77.62|~|12.0|~|~|4.33|7.00|0.000|~|0.2469|-0.3554|2026-10-04T09:27:53.427668
milan|2026-09-04|48|33.0|18.0|15.0|31.0|2.0|19.0|16.0|3.0|82.76|~|14.0|~|~|3.22|6.00|0.000|~|0.3241|0.1594|2026-10-04T09:27:53.427668
milan|2026-09-05|44|32.0|17.0|15.0|33.0|-1.0|21.0|17.0|4.0|77.93|~|11.0|~|~|5.13|8.00|0.000|~|0.7323|-0.1181|2026-10-04T09:27:53.427668
milan|2026-09-06|48|32.0|20.0|12.0|32.0|0.0|22.0|15.0|7.0|64.52|~|10.0|2.50|4|3.33|6.00|0.000|~|-0.2876|-0.1920|2026-10-04T09:27:53.427668
milan|2026-09-07|48|31.0|21.0|10.0|32.0|-1.0|22.0|19.0|3.0|83.12|~|9.0|3.00|4|4.11|7.00|0.000|~|0.4507|-0.1977|2026-10-04T09:27:53.427668
milan|2026-09-08|48|32.0|22.0|10.0|31.0|1.0|23.0|20.0|3.0|83.24|~|9.0|4.00|6|3.06|5.00|0.000|~|-0.2247|0.5525|2026-10-04T09:27:53.427668
milan|2026-09-09|48|24.0|18.0|6.0|32.0|-8.0|21.0|19.0|2.0|88.36|~|3.0|5.06|6|4.56|8.00|0.000|~|-0.7266|-0.0552|2026-10-04T09:27:53.427668
milan|2026-09-10|47|22.0|16.0|6.0|24.0|-2.0|17.0|16.0|1.0|93.84|~|5.0|5.38|6|4.35|7.00|0.000|~|-0.7559|0.1421|2026-10-04T09:27:53.427668
milan|2026-09-11|43|25.0|16.0|9.0|22.0|3.0|17.0|16.0|1.0|93.84|~|8.0|4.31|6|5.06|8.00|0.000|~|0.7818|0.5054|2026-10-04T09:27:53.427668
milan|2026-09-12|48|26.0|17.0|9.0|25.0|1.0|19.0|16.0|3.0|82.76|~|7.0|4.00|6|4.28|6.00|0.000|~|-0.3791|0.7032|2026-10-04T09:27:53.427668
milan|2026-09-13|48|26.0|17.0|9.0|26.0|0.0|19.0|15.0|4.0|77.62|~|7.0|4.00|6|3.50|5.00|0.000|~|-0.0599|0.2616|2026-10-04T09:27:53.427668
milan|2026-09-14|48|29.0|15.0|14.0|26.0|3.0|17.0|16.0|1.0|93.84|~|12.0|~|~|3.00|4.00|0.000|~|-0.5645|0.4630|2026-10-04T09:27:53.427668
milan|2026-09-15|48|27.0|19.0|8.0|29.0|-2.0|19.0|16.0|3.0|82.76|~|8.0|4.47|6|3.17|5.00|0.000|~|-0.0994|0.4479|2026-10-04T09:27:53.427668
milan|2026-09-16|48|28.0|19.0|9.0|27.0|1.0|21.0|17.0|4.0|77.93|~|7.0|2.40|4|3.50|7.00|0.000|~|-0.0564|0.7018|2026-10-04T09:27:53.427668
milan|2026-09-17|48|24.0|18.0|6.0|28.0|-4.0|18.0|17.0|1.0|93.89|~|6.0|3.13|4|6.83|11.00|0.000|~|-0.6892|0.6717|2026-10-04T09:27:53.427668
milan|2026-09-18|48|23.0|17.0|6.0|24.0|-1.0|18.0|17.0|1.0|93.89|~|5.0|4.35|6|7.33|10.00|0.000|~|-0.5627|-0.5235|2026-10-04T09:27:53.427668
milan|2026-09-19|47|26.0|15.0|11.0|23.0|3.0|16.0|15.0|1.0|93.79|~|10.0|3.50|4|3.44|7.00|0.000|~|0.0981|0.1868|2026-10-04T09:27:53.427668
milan|2026-09-20|48|27.0|16.0|11.0|26.0|1.0|16.0|15.0|1.0|93.79|~|11.0|~|~|3.33|5.00|0.000|~|0.5038|-0.2514|2026-10-04T09:27:53.427668
milan|2026-09-21|48|30.0|16.0|14.0|27.0|3.0|17.0|14.0|3.0|82.51|~|13.0|~|~|5.11|9.00|0.000|~|-0.0721|-0.7620|2026-10-04T09:27:53.427668
milan|2026-09-22|47|25|16.0|9.0|30.0|-5.0|17|14|3|82.51|~|8|5.60|6|4.28|7.00|0.000|~|-0.7163|0.5205|2026-10-04T09:27:53.427668
milan|2026-09-23|48|24|15|9|25|-1|18|9|9|55.65|~|6|4.50|6|4.06|7.00|0.000|~|-0.3265|0.5617|2026-10-04T09:27:53.427668
milan|2026-09-24|48|24|11|13|24|0|12|11|1|93.6|~|12|~|~|4.33|7.00|0.000|~|0.8203|0.4283|2026-10-04T09:27:53.427668
milan|2026-09-25|48|22.0|15|7.0|24|-2.0|17|13|4|77.31|~|5.0|5.11|6|3.89|6.00|0.000|~|-0.6251|-0.0427|2026-10-04T09:27:53.427668
milan|2026-09-26|48|24.0|14.0|10.0|22.0|2.0|17.0|10.0|7.0|63.39|~|7.0|4.50|6|2.89|5.00|0.000|~|-0.6704|0.4943|2026-10-04T09:27:53.427668
milan|2026-09-27|48|25.0|12.0|13.0|24.0|1.0|13.0|11.0|2.0|87.65|~|12.0|~|~|2.89|5.00|0.000|~|0.2158|-0.3870|2026-10-04T09:27:53.427668
milan|2026-09-28|48|25.0|12.0|13.0|25.0|0.0|13.0|12.0|1.0|93.65|~|12.0|~|~|2.89|4.00|0.000|~|-0.1442|0.6015|2026-10-04T09:27:53.427668
milan|2026-09-29|48|24.0|14.0|10.0|25.0|-1.0|14.0|13.0|1.0|93.7|~|10.0|~|~|3.28|6.00|0.000|~|-0.1047|0.6770|2026-10-04T09:27:53.427668
milan|2026-09-30|48|24.0|13.0|11.0|24.0|0.0|15.0|13.0|2.0|87.84|~|9.0|6.00|6|3.56|7.00|0.000|~|0.1271|0.4996|2026-10-04T09:27:53.427668
milan|2026-10-01|48|24.0|15.0|9.0|24.0|0.0|16.0|14.0|2.0|87.93|~|8.0|5.00|6|2.72|4.00|0.000|~|-0.3492|0.3785|2026-10-04T09:27:53.427668
milan|2026-10-02|47|25.0|14.0|11.0|24.0|1.0|17.0|15.0|2.0|88.01|~|8.0|~|~|3.72|6.00|0.000|~|-0.5626|0.5935|2026-10-04T09:27:53.427668
milan|2026-10-03|48|24.0|12.0|12.0|25.0|-1.0|12.0|10.0|2.0|87.56|~|12.0|~|~|3.33|5.00|0.000|~|0.1299|0.0008|2026-10-04T09:27:53.427668
milan|2026-10-04|21|19.0|11.0|8.0|24.0|-5.0|11.0|10.0|1.0|93.55|~|8.0|~|~|3.00|4.00|0.000|~|~|~|2026-10-04T09:27:53.427668
moscow|2026-09-02|55|20.0|14.0|6.0|25.0|-5.0|17.0|15.0|2.0|88.01|~|3.0|4.48|6|15.16|17.49|0.000|~|0.7057|0.6891|2026-10-04T02:39:40.167337
moscow|2026-09-03|52|19.0|13.0|6.0|20.0|-1.0|13.0|13.0|0.0|100.0|~|6.0|6.60|8|6.81|9.72|0.000|~|0.7528|0.5850|2026-10-04T09:27:53.427668
moscow|2026-09-04|49|21.0|11.0|10.0|19.0|2.0|14.0|12.0|2.0|87.75|~|7.0|5.65|6|9.11|11.66|0.000|~|0.6599|0.6746|2026-10-04T09:27:53.427668
moscow|2026-09-05|67|18.0|13.0|5.0|21.0|-3.0|13.0|12.0|1.0|93.65|~|5.0|5.20|6|20.44|25.27|0.000|~|0.5567|0.6977|2026-10-04T09:27:53.427668
moscow|2026-09-06|62|16.0|10.0|6.0|18.0|-2.0|13.0|12.0|1.0|93.65|~|3.0|3.00|6|10.07|13.61|0.000|~|0.9097|0.3794|2026-10-04T09:27:53.427668
moscow|2026-09-07|54|13.0|9.0|4.0|16.0|-3.0|9.0|8.0|1.0|93.45|~|4.0|5.33|6|12.23|15.55|0.000|~|0.8989|-0.3812|2026-10-04T09:27:53.427668
moscow|2026-09-08|48|15.0|6.0|9.0|13.0|2.0|7.0|5.0|2.0|87.08|~|8.0|5.47|6|10.91|13.61|0.000|~|0.4857|-0.8256|2026-10-04T09:27:53.427668
moscow|2026-09-09|48|21.0|5.0|16.0|15.0|6.0|10.0|7.0|3.0|81.6|~|11.0|3.69|6|7.78|9.72|0.000|~|0.9027|0.3383|2026-10-04T09:27:53.427668
moscow|2026-09-10|48|25.0|10.0|15.0|21.0|4.0|13.0|10.0|3.0|82.0|~|12.0|~|~|10.15|15.55|0.000|~|0.2153|0.9680|2026-10-04T09:27:53.427668
moscow|2026-09-11|62|18.0|12.0|6.0|25.0|-7.0|13.0|11.0|2.0|87.65|~|5.0|5.50|6|15.78|19.44|0.000|~|0.9442|0.2260|2026-10-04T09:27:53.427668
moscow|2026-09-12|48|17.0|9.0|8.0|18.0|-1.0|11.0|8.0|3.0|81.74|~|6.0|3.20|6|12.42|15.55|0.000|~|0.9816|0.0599|2026-10-04T09:27:53.427668
moscow|2026-09-13|48|18.0|6.0|12.0|17.0|1.0|9.0|7.0|2.0|87.28|~|9.0|3.00|4|8.53|11.66|0.000|~|0.9341|0.1546|2026-10-04T09:27:53.427668
moscow|2026-09-14|48|18.0|8.0|10.0|18.0|0.0|11.0|9.0|2.0|87.47|~|7.0|3.67|4|6.26|9.72|0.000|~|0.9065|0.3278|2026-10-04T09:27:53.427668
moscow|2026-09-15|48|18.0|10.0|8.0|18.0|0.0|13.0|11.0|2.0|87.65|~|5.0|4.59|6|8.96|11.66|0.000|~|-0.1784|-0.9314|2026-10-04T09:27:53.427668
moscow|2026-09-16|48|18.0|6.0|12.0|18.0|0.0|9.0|6.0|3.0|81.47|~|9.0|~|~|8.10|11.66|0.000|~|0.2046|-0.8879|2026-10-04T09:27:53.427668
moscow|2026-09-17|48|22.0|9.0|13.0|18.0|4.0|12.0|8.0|4.0|76.51|~|10.0|2.00|2|11.34|15.55|0.000|~|0.4805|0.8719|2026-10-04T09:27:53.427668
moscow|2026-09-18|56|16.0|11.0|5.0|22.0|-6.0|13.0|11.0|2.0|87.65|~|3.0|4.18|6|6.63|11.66|0.000|~|0.9114|-0.1288|2026-10-04T09:27:53.427668
moscow|2026-09-19|48|18.0|7.0|11.0|16.0|2.0|10.0|9.0|1.0|93.5|~|8.0|2.44|4|10.15|11.66|0.000|~|0.4943|0.8555|2026-10-04T09:27:53.427668
moscow|2026-09-20|63|19.0|8.0|11.0|18.0|1.0|9.0|9.0|0.0|100.0|~|10.0|3.73|8|10.87|13.61|0.000|~|0.4212|0.8946|2026-10-04T09:27:53.427668
moscow|2026-09-21|52|21.0|13.0|8.0|19.0|2.0|14.0|11.0|3.0|82.13|~|7.0|~|~|13.78|21.38|0.000|~|0.2795|0.9326|2026-10-04T09:27:53.427668
moscow|2026-09-22|56|16.0|13.0|3.0|21.0|-5.0|14|11|3|82.13|~|2.0|4.67|6|9.94|11.66|0.000|~|-0.8293|0.4844|2026-10-04T09:27:53.427668
moscow|2026-09-23|54|18|10.0|8.0|16.0|2.0|11|10|1|93.55|~|7|6.53|8|4.81|7.78|0.000|~|-0.9183|-0.3305|2026-10-04T09:27:53.427668
moscow|2026-09-24|65|21|10|11|18|3|17|12|5|72.4|~|4|2.00|2|18.07|27.21|0.000|~|-0.4082|0.8629|2026-10-04T09:27:53.427668
moscow|2026-09-25|54|12.0|8|4.0|21|-9.0|9|9|0|100|~|3.0|4.40|6|5.83|7.78|0.000|~|-0.2915|0.8945|2026-10-04T09:27:53.427668
moscow|2026-09-26|65|17.0|8.0|9.0|12.0|5.0|8.0|8.0|0.0|100.0|~|9.0|5.85|8|7.13|7.78|0.000|~|-0.4223|0.8349|2026-10-04T09:27:53.427668
moscow|2026-09-27|48|18.0|10.0|8.0|17.0|1.0|11.0|9.0|2.0|87.47|~|7.0|~|~|8.53|11.66|0.000|~|0.3975|0.9003|2026-10-04T09:27:53.427668
moscow|2026-09-28|53|14.0|7.0|7.0|18.0|-4.0|11.0|10.0|1.0|93.55|~|3.0|5.58|6|7.29|9.72|0.000|~|-0.0941|-0.9776|2026-10-04T09:27:53.427668
moscow|2026-09-29|48|15.0|2.0|13.0|14.0|1.0|6.0|6.0|0.0|100.0|~|9.0|3.82|6|7.02|9.72|0.000|~|-0.1029|-0.9590|2026-10-04T09:27:53.427668
moscow|2026-09-30|55|17.0|4.0|13.0|15.0|2.0|6.0|5.0|1.0|93.29|~|11.0|3.14|4|6.85|9.72|0.000|~|0.6019|-0.6892|2026-10-04T09:27:53.427668
moscow|2026-10-01|48|13.0|6.0|7.0|17.0|-4.0|7.0|6.0|1.0|93.35|~|6.0|2.86|6|11.45|13.61|0.000|~|-0.0481|-0.9773|2026-10-04T09:27:53.427668
moscow|2026-10-02|48|13.0|2.0|11.0|13.0|0.0|3.0|2.0|1.0|93.13|~|10.0|3.75|4|9.72|13.61|0.000|~|0.7518|-0.6301|2026-10-04T09:27:53.427668
moscow|2026-10-03|50|11.0|3.0|8.0|13.0|-2.0|8.0|6.0|2.0|87.18|~|3.0|4.95|6|9.00|11.66|0.000|~|-0.2121|-0.9316|2026-10-04T09:27:53.427668
moscow|2026-10-04|23|9.0|1.0|8.0|11.0|-2.0|2.0|1.0|1.0|93.08|~|7.0|~|~|2.72|3.89|0.000|~|0.8341|0.2541|2026-10-04T09:27:53.427668
munich|2026-09-02|48|25.0|9.0|16.0|24.0|1.0|15.0|13.0|2.0|87.84|~|10.0|~|~|3.94|9.00|0.000|~|0.6221|-0.2181|2026-10-04T02:39:40.364039
munich|2026-09-03|48|25.0|14.0|11.0|25.0|0.0|16.0|12.0|4.0|77.15|~|9.0|2.00|2|7.89|12.00|0.000|~|0.9664|-0.1482|2026-10-04T09:27:53.427668
munich|2026-09-04|48|30.0|17.0|13.0|25.0|5.0|19.0|13.0|6.0|68.18|~|11.0|~|~|12.50|16.00|0.000|~|0.9810|0.1691|2026-10-04T09:27:53.427668
munich|2026-09-05|48|24.0|14.0|10.0|30.0|-6.0|15.0|13.0|2.0|87.84|~|9.0|2.71|6|9.33|13.00|0.000|~|0.7726|0.4557|2026-10-04T09:27:53.427668
munich|2026-09-06|48|24.0|7.0|17.0|24.0|0.0|12.0|11.0|1.0|93.6|~|12.0|~|~|3.61|5.00|0.000|~|-0.7460|-0.4162|2026-10-04T09:27:53.427668
munich|2026-09-07|48|28.0|7.0|21.0|24.0|4.0|12.0|10.0|2.0|87.56|~|16.0|2.00|2|3.17|6.00|0.000|~|-0.0448|-0.3636|2026-10-04T09:27:53.427668
munich|2026-09-08|48|32.0|11.0|21.0|28.0|4.0|17.0|13.0|4.0|77.31|~|15.0|~|~|5.67|12.00|0.000|~|0.3925|0.5158|2026-10-04T09:27:53.427668
munich|2026-09-09|48|22.0|13.0|9.0|32.0|-10.0|18.0|15.0|3.0|82.63|~|4.0|3.33|8|7.44|11.00|0.000|~|0.8613|-0.3793|2026-10-04T09:27:53.427668
munich|2026-09-10|48|18.0|9.0|9.0|22.0|-4.0|10.0|9.0|1.0|93.5|~|8.0|2.44|4|3.61|5.00|0.000|~|-0.5920|-0.6736|2026-10-04T09:27:53.427668
munich|2026-09-11|48|20.0|8.0|12.0|18.0|2.0|12.0|10.0|2.0|87.56|~|8.0|2.50|4|3.67|6.00|0.000|~|0.1250|0.5501|2026-10-04T09:27:53.427668
munich|2026-09-12|48|23.0|7.0|16.0|20.0|3.0|11.0|9.0|2.0|87.47|~|12.0|~|~|5.78|7.00|0.000|~|0.8622|-0.1813|2026-10-04T09:27:53.427668
munich|2026-09-13|48|23.0|11.0|12.0|23.0|0.0|13.0|10.0|3.0|82.0|~|10.0|1.67|2|7.89|11.00|0.000|~|0.9362|0.0403|2026-10-04T09:27:53.427668
munich|2026-09-14|48|22.0|12.0|10.0|23.0|-1.0|15.0|14.0|1.0|93.74|~|7.0|2.35|6|4.61|7.00|0.000|~|0.9716|-0.0092|2026-10-04T09:27:53.427668
munich|2026-09-15|48|24.0|8.0|16.0|22.0|2.0|10.0|10.0|0.0|100.0|~|14.0|~|~|3.44|5.00|0.000|~|-0.8992|-0.0517|2026-10-04T09:27:53.427668
munich|2026-09-16|48|27.0|12.0|15.0|24.0|3.0|16.0|13.0|3.0|82.38|~|11.0|2.00|4|7.83|13.00|0.000|~|0.8312|-0.3335|2026-10-04T09:27:53.427668
munich|2026-09-17|48|20.0|8.0|12.0|27.0|-7.0|12.0|11.0|1.0|93.6|~|8.0|2.33|4|6.06|9.00|0.000|~|0.9162|0.0562|2026-10-04T09:27:53.427668
munich|2026-09-18|48|21.0|8.0|13.0|20.0|1.0|9.0|9.0|0.0|100.0|~|12.0|2.00|2|6.56|10.00|0.000|~|0.8394|0.2996|2026-10-04T09:27:53.427668
munich|2026-09-19|48|22.0|8.0|14.0|21.0|1.0|10.0|9.0|1.0|93.5|~|12.0|2.00|2|4.44|6.00|0.000|~|0.9021|0.0966|2026-10-04T09:27:53.427668
munich|2026-09-20|48|24.0|9.0|15.0|22.0|2.0|12.0|11.0|1.0|93.6|~|12.0|~|~|8.06|12.00|0.000|~|0.9759|0.1395|2026-10-04T09:27:53.427668
munich|2026-09-21|48|17.0|7.0|10.0|24.0|-7.0|11.0|10.0|1.0|93.55|~|6.0|2.00|2|8.39|12.00|0.000|~|0.8100|-0.5128|2026-10-04T09:27:53.427668
munich|2026-09-22|48|17|4|13|17.0|0.0|8|6|2|87.18|~|9|2.91|6|5.78|9.00|0.000|~|0.3818|-0.8040|2026-10-04T09:27:53.427668
munich|2026-09-23|48|19|0|19|17|2|1|1|0|100|~|18|~|~|3.39|6.00|0.000|~|-0.8477|-0.1688|2026-10-04T09:27:53.427668
munich|2026-09-24|48|17|5|12|19|-2|13|7|6|66.91|~|4|3.14|6|9.39|16.00|0.000|~|0.8958|-0.3213|2026-10-04T09:27:53.427668
munich|2026-09-25|48|19.0|1|18.0|17|2.0|1|1|0|100|~|18.0|~|~|2.50|5.00|0.000|~|-0.5485|-0.0156|2026-10-04T09:27:53.427668
munich|2026-09-26|48|24.0|2.0|22.0|19.0|5.0|3.0|3.0|0.0|100.0|~|21.0|~|~|3.11|5.00|0.000|~|-0.6291|-0.6097|2026-10-04T09:27:53.427668
munich|2026-09-27|48|24.0|2.0|22.0|24.0|0.0|3.0|3.0|0.0|100.0|~|21.0|~|~|5.72|8.00|0.000|~|-0.9812|-0.0429|2026-10-04T09:27:53.427668
munich|2026-09-28|48|26.0|4.0|22.0|24.0|2.0|6.0|6.0|0.0|100.0|~|20.0|~|~|5.50|7.00|0.000|~|-0.9578|-0.2191|2026-10-04T09:27:53.427668
munich|2026-09-29|48|24.0|5.0|19.0|26.0|-2.0|6.0|6.0|0.0|100.0|~|18.0|~|~|6.61|9.00|0.000|~|-0.9674|-0.1446|2026-10-04T09:27:53.427668
munich|2026-09-30|48|25.0|4.0|21.0|24.0|1.0|5.0|4.0|1.0|93.24|~|20.0|~|~|2.61|4.00|0.000|~|-0.7989|-0.4090|2026-10-04T09:27:53.427668
munich|2026-10-01|48|24.0|5.0|19.0|25.0|-1.0|6.0|6.0|0.0|100.0|~|18.0|~|~|3.56|6.00|0.000|~|0.8593|-0.0881|2026-10-04T09:27:53.427668
munich|2026-10-02|48|19.0|10.0|9.0|24.0|-5.0|16.0|15.0|1.0|93.79|~|3.0|4.67|6|4.94|7.00|0.000|~|0.3003|-0.4415|2026-10-04T09:27:53.427668
munich|2026-10-03|48|20.0|9.0|11.0|19.0|1.0|15.0|14.0|1.0|93.74|~|5.0|4.11|8|2.39|4.00|0.000|~|0.1822|-0.9370|2026-10-04T09:27:53.427668
munich|2026-10-04|21|14.0|6.0|8.0|20.0|-6.0|6.0|6.0|0.0|100.0|~|8.0|5.33|6|1.00|1.00|0.000|~|~|~|2026-10-04T09:27:53.427668
nyc|2026-09-02|35|23.33|19.0|4.33|26.67|-3.34|19.44|17.78|1.66|90.1|~|3.89|2.71|6|7.57|11.00|0.270|~|-0.8455|-0.2735|2026-10-04T09:27:53.427668
nyc|2026-09-03|34|30.56|20.56|10.00|23.33|7.23|22.78|20.0|2.78|84.37|~|7.78|2.80|6|7.80|12.00|0.290|~|0.9178|0.1557|2026-10-04T09:27:53.427668
nyc|2026-09-04|24|28.89|24.44|4.45|30.56|-1.67|25.0|21.11|3.89|79.06|~|3.89|3.33|4|11.56|15.00|0.080|~|0.5902|-0.7766|2026-10-04T09:27:53.427668
nyc|2026-09-05|24|26.11|21.67|4.44|28.89|-2.78|22.78|15.0|7.78|61.54|~|3.33|4.22|6|10.00|12.00|0.000|~|0.2980|-0.8768|2026-10-04T09:27:53.427668
nyc|2026-09-06|123|23.89|18.89|5.00|26.11|-2.22|20.56|14.44|6.12|68.01|~|3.33|5.55|8|6.26|10.00|0.000|~|-0.7666|-0.5108|2026-10-04T09:27:53.427668
nyc|2026-09-07|24|26.11|18.89|7.22|23.89|2.22|20.0|10.56|9.44|54.53|~|6.11|1.56|2|8.44|14.00|0.000|~|0.0526|-0.9012|2026-10-04T09:27:53.427668
nyc|2026-09-08|26|26.67|20.0|6.67|26.11|0.56|20.56|13.33|7.23|63.27|~|6.11|2.40|4|7.20|10.00|0.000|~|0.5412|-0.7946|2026-10-04T09:27:53.427668
nyc|2026-09-09|24|28.33|21.67|6.66|26.67|1.66|22.78|17.22|5.56|70.91|~|5.55|2.67|6|11.33|14.00|0.000|~|-0.1778|0.9693|2026-10-04T09:27:53.427668
nyc|2026-09-10|24|30.56|22.78|7.78|28.33|2.23|23.89|18.89|5.00|73.64|~|6.67|2.00|2|8.56|13.00|0.040|~|0.8624|-0.3078|2026-10-04T09:27:53.427668
nyc|2026-09-11|24|26.67|22.22|4.45|30.56|-3.89|22.22|11.67|10.55|51.22|~|4.45|2.00|2|7.89|10.00|0.000|~|0.3573|-0.8175|2026-10-04T09:27:53.427668
nyc|2026-09-12|149|25.56|19.44|6.12|26.67|-1.11|20.56|15.56|5.00|73.05|~|5.00|2.58|6|10.62|14.00|0.000|~|-0.2217|0.9066|2026-10-04T09:27:53.427668
nyc|2026-09-13|300|27.22|21|6.22|25.56|1.66|21.11|20.56|0.55|96.64|~|6.11|5.84|8|4.04|8.01|2.718|~|-0.0120|-0.8744|2026-10-04T09:27:53.427668
nyc|2026-09-14|334|25.0|18|7.0|27.22|-2.22|21.67|13.33|8.34|59.11|~|3.33|0.89|2|11.26|17.01|0.000|~|0.3957|-0.8596|2026-10-04T09:27:53.427668
nyc|2026-09-15|337|22.22|16|6.22|25.0|-2.78|17.22|8.33|8.89|55.87|~|5.00|1.02|2|7.51|10.00|0.000|~|-0.6252|-0.4229|2026-10-04T09:27:53.427668
nyc|2026-09-16|336|25.56|18|7.56|22.22|3.34|19.44|13.33|6.11|67.78|~|6.12|1.77|6|8.17|13.00|0.000|~|0.2657|0.8395|2026-10-04T09:27:53.427668
nyc|2026-09-17|336|28.89|22.78|6.11|25.56|3.33|22.78|20.56|2.22|87.31|~|6.11|4.96|8|9.13|15.01|0.000|~|-0.2574|0.9206|2026-10-04T09:27:53.427668
nyc|2026-09-18|342|27.22|21.67|5.55|28.89|-1.67|23.33|18.89|4.44|76.14|~|3.89|3.25|8|8.74|13.00|0.000|~|-0.0531|-0.9629|2026-10-04T09:27:53.427668
nyc|2026-09-19|336|21.11|17.78|3.33|27.22|-6.11|17.78|7.78|10.00|51.94|~|3.33|4.52|8|10.87|16.00|0.000|~|-0.6985|-0.6355|2026-10-04T09:27:53.427668
nyc|2026-09-20|359|22.22|18|4.22|21.11|1.11|18.89|15.56|3.33|81|1017.8|3.33|7.43|8|8.09|13.00|0.601|~|-0.4040|0.8717|2026-10-04T09:27:53.427668
nyc|2026-09-21|344|21.11|17|4.11|22.22|-1.11|17.22|13.89|3.33|80.77|1017.2|3.89|1.71|8|11.70|16.00|0.101|-0.60|-0.7381|-0.6166|2026-10-04T09:27:53.427668
nyc|2026-09-22|336|20.56|15.56|5.00|21.11|-0.55|17.22|11.11|6.11|67.31|1024.5|3.34|4.19|8|16.32|22.00|0.000|7.30|-0.7838|-0.5969|2026-10-04T09:27:53.427668
nyc|2026-09-23|338|21.11|13.89|7.22|20.56|0.55|15.56|10.56|5.00|72.13|1030.4|5.55|3.80|6|19.42|24.01|0.000|5.90|-0.8333|-0.5383|2026-10-04T09:27:53.427668
nyc|2026-09-24|343|20|12|8|21.11|-1.11|12.78|8.89|3.89|77.21|1030.3|7.22|3.02|8|15.78|23.00|0.000|-0.10|-0.7700|-0.6085|2026-10-04T09:27:53.427668
nyc|2026-09-25|336|20.56|14|6.56|20|0.56|14.44|7.22|7.22|61.85|1020.5|6.12|0.66|6|16.42|20.99|0.101|-9.80|-0.3676|-0.9212|2026-10-04T09:27:53.427668
nyc|2026-09-26|338|17.22|13.89|3.33|20.56|-3.34|13.89|11.67|2.22|86.46|1009.1|3.33|7.63|8|17.87|20.99|1.171|-11.40|-0.2882|-0.9530|2026-10-04T09:27:53.427668
nyc|2026-09-27|365|17.78|15|2.78|17.22|0.56|16.11|14.44|1.67|89.85|~|1.67|7.54|8|17.68|27.00|3.050|~|-0.8193|-0.5589|2026-10-04T09:27:53.427668
nyc|2026-09-28|355|17.22|15|2.22|17.78|-0.56|15.0|13.33|1.67|89.77|1009.2|2.22|7.63|8|8.75|11.99|1.044|~|-0.0006|-0.9663|2026-10-04T09:27:53.427668
nyc|2026-09-29|337|21.11|16|5.11|17.22|3.89|17.22|15.0|2.22|86.79|1014.9|3.89|6.45|8|7.76|13.00|0.000|5.70|0.7089|-0.6769|2026-10-04T09:27:53.427668
nyc|2026-09-30|340|22.78|17|5.78|21.11|1.67|17.22|13.33|3.89|77.91|1019.7|5.56|2.67|8|5.87|11.00|0.000|4.80|-0.1345|-0.5859|2026-10-04T09:27:53.427668
nyc|2026-10-01|336|25.56|19|6.56|22.78|2.78|20.56|16.67|3.89|78.41|1018.7|5.00|3.51|8|6.87|10.00|0.000|-1.00|0.3314|0.8412|2026-10-04T09:27:53.427668
nyc|2026-10-02|338|30.0|20|10.0|25.56|4.44|20.56|17.22|3.34|81.22|1013.6|9.44|2.86|8|10.08|14.00|0.000|-5.10|0.6673|0.6588|2026-10-04T09:27:53.427668
nyc|2026-10-03|335|21.67|16.67|5.00|30.0|-8.33|16.67|11.11|5.56|69.72|1022.3|5.00|1.20|4|11.13|17.01|0.000|8.70|-0.7640|-0.6044|2026-10-04T09:27:53.427668
nyc|2026-10-04|60|16.67|15.56|1.11|21.67|-5.00|~|~|~|~|~|~|~|~|~|~|0.000|~|~|~|2026-10-04T09:27:53.427668
panama_city|2026-09-02|24|32.0|26.0|6.0|32.0|0.0|28.0|26.0|2.0|88.94|~|4.0|3.56|4|6.78|9.00|0.000|~|0.4650|-0.5756|2026-10-04T09:27:53.427668
panama_city|2026-09-03|27|33.0|26.0|7.0|32.0|1.0|28.0|26.0|2.0|88.94|~|5.0|3.50|6|6.75|14.00|0.000|~|0.2852|-0.8032|2026-10-04T09:27:53.427668
panama_city|2026-09-04|26|32.0|26.0|6.0|33.0|-1.0|27.0|26.0|1.0|94.29|~|5.0|3.67|4|9.67|14.00|0.000|~|0.6207|-0.6672|2026-10-04T09:27:53.427668
panama_city|2026-09-05|19|33.0|27.0|6.0|32.0|1.0|28.0|26.0|2.0|88.94|~|5.0|3.80|4|6.10|11.00|0.000|~|0.3707|-0.6365|2026-10-04T09:27:53.427668
panama_city|2026-09-06|26|31.0|25.0|6.0|33.0|-2.0|26.0|24.0|2.0|88.78|~|5.0|3.82|6|6.82|10.00|0.000|~|0.2115|-0.5997|2026-10-04T09:27:53.427668
panama_city|2026-09-07|25|32.0|25.0|7.0|31.0|1.0|26.0|25.0|1.0|94.24|~|6.0|3.80|4|8.60|11.00|0.000|~|0.6905|-0.6971|2026-10-04T09:27:53.427668
panama_city|2026-09-08|25|34.0|26.0|8.0|32.0|2.0|28.0|26.0|2.0|88.94|~|6.0|3.11|4|10.78|14.00|0.000|~|0.5220|-0.8373|2026-10-04T09:27:53.427668
panama_city|2026-09-09|24|31.0|26.0|5.0|34.0|-3.0|28.0|26.0|2.0|88.94|~|3.0|3.40|4|6.50|12.00|0.000|~|0.6309|0.3299|2026-10-04T09:27:53.427668
panama_city|2026-09-10|24|31.0|26.0|5.0|31.0|0.0|27.0|25.0|2.0|88.86|~|4.0|3.60|4|7.90|11.00|0.000|~|0.6886|-0.6910|2026-10-04T09:27:53.427668
panama_city|2026-09-11|25|32.0|26.0|6.0|31.0|1.0|28.0|26.0|2.0|88.94|~|4.0|3.20|4|5.60|8.00|0.000|~|0.4031|0.1481|2026-10-04T09:27:53.427668
panama_city|2026-09-12|28|32.0|26.0|6.0|32.0|0.0|28.0|26.0|2.0|88.94|~|4.0|3.23|6|7.23|10.00|0.000|~|0.6617|-0.6408|2026-10-04T09:27:53.427668
panama_city|2026-09-13|24|32.0|25.0|7.0|32.0|0.0|28.0|26.0|2.0|88.94|~|4.0|2.44|4|5.00|6.00|0.000|~|0.5031|0.1208|2026-10-04T09:27:53.427668
panama_city|2026-09-14|24|31.0|25.0|6.0|32.0|-1.0|26.0|25.0|1.0|94.24|~|5.0|2.89|4|9.78|11.00|0.000|~|0.7851|-0.6030|2026-10-04T09:27:53.427668
panama_city|2026-09-15|25|28.0|26.0|2.0|31.0|-3.0|26.0|25.0|1.0|94.24|~|2.0|3.00|4|8.10|10.00|0.000|~|0.7017|-0.6746|2026-10-04T09:27:53.427668
panama_city|2026-09-16|25|31.0|26.0|5.0|28.0|3.0|27.0|25.0|2.0|88.86|~|4.0|3.78|4|10.22|13.00|0.000|~|0.7400|-0.6467|2026-10-04T09:27:53.427668
panama_city|2026-09-17|24|32.0|25.0|7.0|31.0|1.0|28.0|26.0|2.0|88.94|~|4.0|3.80|4|11.00|14.00|0.000|~|0.8197|-0.5585|2026-10-04T09:27:53.427668
panama_city|2026-09-18|23|33.0|27.0|6.0|32.0|1.0|29.0|26.0|3.0|83.93|~|4.0|3.56|4|6.22|9.00|0.000|~|0.5975|-0.2817|2026-10-04T09:27:53.427668
panama_city|2026-09-19|26|31.0|27|4.0|33.0|-2.0|28.0|26.0|2.0|88.94|~|3.0|2.91|4|7.09|10.00|0.000|~|0.5224|-0.7886|2026-10-04T09:27:53.427668
panama_city|2026-09-20|24|32|26.0|6.0|31.0|1.0|27|26|1|94.29|~|5|3.33|4|5.56|9.00|0.000|~|0.1596|0.5334|2026-10-04T09:27:53.427668
panama_city|2026-09-21|24|31|26|5|32|-1|28|25|3|83.82|~|3|3.78|4|5.22|7.00|0.000|~|-0.1282|0.9348|2026-10-04T09:27:53.427668
panama_city|2026-09-22|19|31|26|5|31|0|28|26|2|88.94|~|3|4.00|4|6.25|9.00|0.000|~|-0.3664|0.7756|2026-10-04T09:27:53.427668
panama_city|2026-09-23|25|33|25|8|31|2|28|25|3|83.82|~|5|3.40|4|5.40|9.00|0.000|~|-0.1879|0.3130|2026-10-04T09:27:53.427668
panama_city|2026-09-24|26|32|25|7|33|-1|27|26|1|94.29|~|5|3.27|4|4.91|8.00|0.000|~|0.4768|-0.1278|2026-10-04T09:27:53.427668
panama_city|2026-09-25|29|30.0|24|6.0|32|-2.0|26.0|25.0|1.0|94.24|~|4.0|3.71|4|3.93|6.00|0.000|~|-0.6425|0.6394|2026-10-04T09:27:53.427668
panama_city|2026-09-26|28|32.0|25.0|7.0|30.0|2.0|26.0|25.0|1.0|94.24|~|6.0|3.23|4|4.08|6.00|0.000|~|-0.3140|-0.1226|2026-10-04T09:27:53.427668
panama_city|2026-09-27|26|31.0|24.0|7.0|32.0|-1.0|26.0|25.0|1.0|94.24|~|5.0|3.27|6|4.45|12.00|0.000|~|-0.0973|-0.2048|2026-10-04T09:27:53.427668
panama_city|2026-09-28|23|31.0|23.0|8.0|31.0|0.0|26.0|25.0|1.0|94.24|~|5.0|4.00|4|5.22|7.00|0.000|~|-0.3504|0.7033|2026-10-04T09:27:53.427668
panama_city|2026-09-29|28|32.0|25.0|7.0|31.0|1.0|27.0|25.0|2.0|88.86|~|5.0|3.54|4|5.62|8.00|0.000|~|0.5414|-0.6605|2026-10-04T09:27:53.427668
panama_city|2026-09-30|24|31.0|26.0|5.0|32.0|-1.0|28.0|26.0|2.0|88.94|~|3.0|3.20|4|5.30|8.00|0.000|~|0.8649|-0.0044|2026-10-04T09:27:53.427668
panama_city|2026-10-01|34|29.0|24.0|5.0|31.0|-2.0|28.0|25.0|3.0|83.82|~|1.0|3.14|4|4.21|12.00|0.000|~|0.1584|-0.0708|2026-10-04T09:27:53.427668
panama_city|2026-10-02|26|31.0|25.0|6.0|29.0|2.0|28.0|27.0|1.0|94.33|~|3.0|3.56|4|5.00|8.00|0.000|~|-0.8232|0.5278|2026-10-04T09:27:53.427668
panama_city|2026-10-03|26|30.0|24.0|6.0|31.0|-1.0|27.0|26.0|1.0|94.29|~|3.0|4.17|6|5.25|7.00|0.000|~|-0.4727|0.5743|2026-10-04T09:27:53.427668
panama_city|2026-10-04|4|24.0|24.0|0.0|30.0|-6.0|~|~|~|~|~|~|~|~|~|~|0.000|~|~|~|2026-10-04T09:27:53.427668
paris|2026-09-02|48|26.0|13.0|13.0|25.0|1.0|14.0|12.0|2.0|87.75|~|12.0|~|~|4.39|7.00|0.000|~|0.8703|-0.1060|2026-10-04T02:39:41.039780
paris|2026-09-03|48|27.0|17.0|10.0|26.0|1.0|18.0|13.0|5.0|72.58|~|9.0|2.50|4|8.56|10.00|0.000|~|0.8855|0.4116|2026-10-04T09:27:53.427668
paris|2026-09-04|48|28.0|19.0|9.0|27.0|1.0|19.0|17.0|2.0|88.19|~|9.0|3.86|6|10.28|13.00|0.000|~|0.9493|0.1562|2026-10-04T09:27:53.427668
paris|2026-09-05|48|25.0|16.0|9.0|28.0|-3.0|16.0|13.0|3.0|82.38|~|9.0|2.75|6|5.39|8.00|0.000|~|0.7603|-0.4580|2026-10-04T09:27:53.427668
paris|2026-09-06|48|28.0|12.0|16.0|25.0|3.0|13.0|10.0|3.0|82.0|~|15.0|~|~|6.39|8.00|0.000|~|-0.7938|0.5033|2026-10-04T09:27:53.427668
paris|2026-09-07|48|29.0|17.0|12.0|28.0|1.0|18.0|13.0|5.0|72.58|~|11.0|3.33|6|8.22|11.00|0.000|~|0.9382|0.2399|2026-10-04T09:27:53.427668
paris|2026-09-08|48|27.0|16.0|11.0|29.0|-2.0|19.0|16.0|3.0|82.76|~|8.0|4.25|6|15.06|22.00|0.000|~|0.5738|0.7981|2026-10-04T09:27:53.427668
paris|2026-09-09|48|22.0|12.0|10.0|27.0|-5.0|13.0|10.0|3.0|82.0|~|9.0|3.33|6|8.50|12.00|0.000|~|0.8724|-0.3298|2026-10-04T09:27:53.427668
paris|2026-09-10|48|21.0|9.0|12.0|22.0|-1.0|9.0|7.0|2.0|87.28|~|12.0|2.00|2|4.67|9.00|0.000|~|0.8421|0.3252|2026-10-04T09:27:53.427668
paris|2026-09-11|48|25.0|13.0|12.0|21.0|4.0|14.0|9.0|5.0|71.84|~|11.0|0.00|0|5.72|9.00|0.000|~|0.8094|0.2936|2026-10-04T09:27:53.427668
paris|2026-09-12|48|26.0|12.0|14.0|25.0|1.0|12.0|12.0|0.0|100.0|~|14.0|3.11|6|4.78|8.00|0.000|~|0.9495|0.0637|2026-10-04T09:27:53.427668
paris|2026-09-13|48|27.0|17.0|10.0|26.0|1.0|18.0|13.0|5.0|72.58|~|9.0|2.00|2|6.11|8.00|0.000|~|0.9236|0.0471|2026-10-04T09:27:53.427668
paris|2026-09-14|48|29.0|16.0|13.0|27.0|2.0|17.0|15.0|2.0|88.01|~|12.0|~|~|3.78|6.00|0.000|~|0.7394|-0.3845|2026-10-04T09:27:53.427668
paris|2026-09-15|48|33.0|16.0|17.0|29.0|4.0|17.0|14.0|3.0|82.51|~|16.0|~|~|7.50|12.00|0.000|~|0.5126|0.6193|2026-10-04T09:27:53.427668
paris|2026-09-16|48|23.0|14.0|9.0|33.0|-10.0|14.0|11.0|3.0|82.13|~|9.0|4.00|6|7.83|10.00|0.000|~|0.9072|-0.2654|2026-10-04T09:27:53.427668
paris|2026-09-17|48|22.0|13.0|9.0|23.0|-1.0|14.0|11.0|3.0|82.13|~|8.0|4.31|6|11.33|14.00|0.000|~|0.8619|0.4505|2026-10-04T09:27:53.427668
paris|2026-09-18|48|22.0|11.0|11.0|22.0|0.0|12.0|11.0|1.0|93.6|~|10.0|3.14|6|5.83|8.00|0.000|~|0.9578|0.0411|2026-10-04T09:27:53.427668
paris|2026-09-19|48|25.0|13.0|12.0|22.0|3.0|13.0|9.0|4.0|76.67|~|12.0|~|~|8.56|12.00|0.000|~|0.7077|0.6786|2026-10-04T09:27:53.427668
paris|2026-09-20|48|24.0|13.0|11.0|25.0|-1.0|15.0|13.0|2.0|87.84|~|9.0|4.67|8|8.00|11.00|0.000|~|0.9588|0.1225|2026-10-04T09:27:53.427668
paris|2026-09-21|48|22.0|11.0|11.0|24.0|-2.0|11.0|9.0|2.0|87.47|~|11.0|2.00|2|4.28|8.00|0.000|~|-0.5441|-0.7612|2026-10-04T09:27:53.427668
paris|2026-09-22|48|24.0|10.0|14.0|22.0|2.0|10|8|2|87.37|~|14.0|~|~|4.94|8.00|0.000|~|-0.4680|-0.8556|2026-10-04T09:27:53.427668
paris|2026-09-23|48|27|11|16|24.0|3.0|11|9|2|87.47|~|16|~|~|3.44|6.00|0.000|~|0.8381|-0.0223|2026-10-04T09:27:53.427668
paris|2026-09-24|45|24|12|12|27|-3|14|13|1|93.7|~|10|5.20|8|2.78|5.00|0.000|~|-0.6612|-0.6940|2026-10-04T09:27:53.427668
paris|2026-09-25|25|28.0|19.0|9.0|24|4.0|~|~|~|~|~|~|0.00|0|4.85|7.00|0.000|~|-0.3481|0.8831|2026-10-04T09:27:53.427668
paris|2026-09-26|48|23.0|13.0|10.0|28.0|-5.0|15.0|14.0|1.0|93.74|~|8.0|5.88|8|3.33|5.00|0.000|~|0.5629|-0.5690|2026-10-04T09:27:53.427668
paris|2026-09-27|48|28.0|12.0|16.0|23.0|5.0|13.0|12.0|1.0|93.65|~|15.0|0.00|0|7.72|13.00|0.000|~|0.0605|0.8502|2026-10-04T09:27:53.427668
paris|2026-09-28|48|24.0|16.0|8.0|28.0|-4.0|16.0|14.0|2.0|87.93|~|8.0|2.43|8|4.06|8.00|0.000|~|-0.7910|-0.4737|2026-10-04T09:27:53.427668
paris|2026-09-29|48|28.0|15.0|13.0|24.0|4.0|15.0|15.0|0.0|100.0|~|13.0|3.00|4|6.78|11.00|0.000|~|-0.1840|0.8269|2026-10-04T09:27:53.427668
paris|2026-09-30|48|24.0|20.0|4.0|28.0|-4.0|20.0|16.0|4.0|77.77|~|4.0|2.13|4|6.72|10.00|0.000|~|-0.3091|0.9293|2026-10-04T09:27:53.427668
paris|2026-10-01|48|22.0|14.0|8.0|24.0|-2.0|16.0|15.0|1.0|93.79|~|6.0|3.56|6|7.11|9.00|0.000|~|0.9348|0.0670|2026-10-04T09:27:53.427668
paris|2026-10-02|47|22.0|10.0|12.0|22.0|0.0|10.0|9.0|1.0|93.5|~|12.0|~|~|3.78|6.00|0.000|~|-0.8753|-0.2960|2026-10-04T09:27:53.427668
paris|2026-10-03|48|23.0|9.0|14.0|22.0|1.0|9.0|7.0|2.0|87.28|~|14.0|~|~|4.94|7.00|0.000|~|-0.5079|-0.8262|2026-10-04T09:27:53.427668
paris|2026-10-04|21|17.0|13.0|4.0|23.0|-6.0|13.0|10.0|3.0|82.0|~|4.0|~|~|3.33|4.00|0.000|~|~|~|2026-10-04T09:27:53.427668
qingdao|2026-09-02|24|29.0|16.0|13.0|30.0|-1.0|23.0|15.0|8.0|60.72|~|6.0|3.00|4|10.37|11.66|0.000|~|-0.3680|-0.9088|2026-10-04T02:39:41.224533
qingdao|2026-09-03|24|30.0|15.0|15.0|29.0|1.0|22.0|16.0|6.0|68.79|~|8.0|2.00|2|9.29|11.66|0.000|~|-0.4548|-0.8686|2026-10-04T09:27:53.427668
qingdao|2026-09-04|24|32.0|15.0|17.0|30.0|2.0|22.0|16.0|6.0|68.79|~|10.0|~|~|6.91|7.78|0.000|~|-0.5778|-0.7794|2026-10-04T09:27:53.427668
qingdao|2026-09-05|24|31.0|19.0|12.0|32.0|-1.0|23.0|19.0|4.0|78.23|~|8.0|4.00|6|5.40|7.78|0.000|~|-0.8006|-0.0304|2026-10-04T09:27:53.427668
qingdao|2026-09-06|24|30.0|18.0|12.0|31.0|-1.0|23.0|17.0|6.0|68.99|~|7.0|5.50|6|6.48|7.78|0.000|~|-0.5334|-0.8084|2026-10-04T09:27:53.427668
qingdao|2026-09-07|24|30.0|19.0|11.0|30.0|0.0|24.0|18.0|6.0|69.19|~|6.0|4.00|6|4.54|5.83|0.000|~|-0.2225|-0.6038|2026-10-04T09:27:53.427668
qingdao|2026-09-08|24|27.0|18.0|9.0|30.0|-3.0|22.0|17.0|5.0|73.3|~|5.0|4.40|6|12.53|15.55|0.000|~|0.0293|-0.9843|2026-10-04T09:27:53.427668
qingdao|2026-09-09|24|26.0|15.0|11.0|27.0|-1.0|20.0|6.0|14.0|40.02|~|6.0|~|~|12.53|15.55|0.000|~|-0.2601|-0.9579|2026-10-04T09:27:53.427668
qingdao|2026-09-10|24|27.0|15.0|12.0|26.0|1.0|18.0|11.0|7.0|63.62|~|9.0|2.00|2|8.64|13.61|0.000|~|-0.1476|-0.9192|2026-10-04T09:27:53.427668
qingdao|2026-09-11|24|28.0|14.0|14.0|27.0|1.0|19.0|10.0|9.0|55.91|~|9.0|~|~|3.89|5.83|0.000|~|0.1589|-0.1308|2026-10-04T09:27:53.427668
qingdao|2026-09-12|24|27.0|19.0|8.0|28.0|-1.0|21.0|16.0|5.0|73.13|~|6.0|~|~|6.48|9.72|0.000|~|-0.4248|0.8820|2026-10-04T09:27:53.427668
qingdao|2026-09-13|24|28.0|19.0|9.0|27.0|1.0|23.0|16.0|7.0|64.74|~|5.0|~|~|4.75|5.83|0.000|~|0.9040|0.3127|2026-10-04T09:27:53.427668
qingdao|2026-09-14|24|29.0|14.0|15.0|28.0|1.0|21.0|14.0|7.0|64.3|~|8.0|~|~|6.05|7.78|0.000|~|0.0313|-0.7331|2026-10-04T09:27:53.427668
qingdao|2026-09-15|24|31.0|15.0|16.0|29.0|2.0|23.0|12.0|11.0|49.95|~|8.0|~|~|6.48|11.66|0.000|~|0.0138|0.7100|2026-10-04T09:27:53.427668
qingdao|2026-09-16|24|32.0|18.0|14.0|31.0|1.0|24.0|14.0|10.0|53.6|~|8.0|~|~|6.48|11.66|0.000|~|-0.2601|0.8157|2026-10-04T09:27:53.427668
qingdao|2026-09-17|24|28.0|20.0|8.0|32.0|-4.0|24.0|21.0|3.0|83.36|~|4.0|3.33|4|10.15|11.66|0.000|~|-0.4398|0.8800|2026-10-04T09:27:53.427668
qingdao|2026-09-18|24|28.0|18.0|10.0|28.0|0.0|24.0|19.0|5.0|73.66|~|4.0|3.75|6|7.34|13.61|0.000|~|-0.5587|0.7789|2026-10-04T09:27:53.427668
qingdao|2026-09-19|24|29.0|19.0|10.0|28.0|1.0|24.0|19.0|5.0|73.66|~|5.0|4.75|6|6.26|11.66|0.000|~|-0.1564|0.9780|2026-10-04T09:27:53.427668
qingdao|2026-09-20|24|30.0|19.0|11.0|29.0|1.0|24.0|21.0|3.0|83.36|~|6.0|~|~|9.50|15.55|0.000|~|0.5122|-0.8440|2026-10-04T09:27:53.427668
qingdao|2026-09-21|24|29.0|19.0|10.0|30.0|-1.0|22.0|18.0|4.0|78.08|~|7.0|~|~|9.94|15.55|0.000|~|0.0298|-0.9180|2026-10-04T09:27:53.427668
qingdao|2026-09-22|24|31|14.0|17.0|29.0|2.0|20.0|13.0|7.0|64.07|~|11.0|~|~|6.26|9.72|0.000|~|-0.2105|-0.0463|2026-10-04T09:27:53.427668
qingdao|2026-09-23|24|30|15|15|31|-1|22|18|4|78.08|~|8|~|~|6.91|9.72|0.000|~|-0.3386|0.9319|2026-10-04T09:27:53.427668
qingdao|2026-09-24|24|26|19|7|30|-4|22|20|2|88.45|~|4|2.00|2|6.27|7.78|0.000|~|-0.5946|0.7451|2026-10-04T09:27:53.427668
qingdao|2026-09-25|24|22|18.0|4.0|26|-4|19|18|1|93.93|~|3|3.78|6|7.13|9.72|0.000|~|-0.9128|-0.3443|2026-10-04T09:27:53.427668
qingdao|2026-09-26|24|26.0|16.0|10.0|22|4.0|19.0|17.0|2.0|88.19|~|7.0|2.57|4|3.46|3.89|0.000|~|-0.3835|-0.8871|2026-10-04T09:27:53.427668
qingdao|2026-09-27|24|26.0|17.0|9.0|26.0|0.0|21.0|20.0|1.0|94.02|~|5.0|2.67|4|4.97|7.78|0.000|~|0.5675|0.4344|2026-10-04T09:27:53.427668
qingdao|2026-09-28|24|26.0|18.0|8.0|26.0|0.0|20.0|17.0|3.0|82.88|~|6.0|~|~|5.62|7.78|0.000|~|-0.8896|-0.0268|2026-10-04T09:27:53.427668
qingdao|2026-09-29|24|27.0|16.0|11.0|26.0|1.0|21.0|15.0|6.0|68.59|~|6.0|2.00|2|10.15|15.55|0.000|~|-0.2368|0.9050|2026-10-04T09:27:53.427668
qingdao|2026-09-30|24|26.0|17.0|9.0|27.0|-1.0|21.0|18.0|3.0|83.0|~|5.0|5.33|8|12.09|15.55|0.000|~|0.3107|-0.8772|2026-10-04T09:27:53.427668
qingdao|2026-10-01|24|23.0|11.0|12.0|26.0|-3.0|17.0|4.0|13.0|42.0|~|6.0|~|~|12.31|15.55|0.000|~|0.5353|-0.8257|2026-10-04T09:27:53.427668
qingdao|2026-10-02|24|23.0|8.0|15.0|23.0|0.0|14.0|6.0|8.0|58.52|~|9.0|~|~|4.75|7.78|0.000|~|-0.1255|0.6107|2026-10-04T09:27:53.427668
qingdao|2026-10-03|24|23.0|13.0|10.0|23.0|0.0|17.0|13.0|4.0|77.31|~|6.0|2.75|4|9.50|13.61|0.000|~|-0.4377|0.8881|2026-10-04T09:27:53.427668
qingdao|2026-10-04|17|22.0|15.0|7.0|23.0|-1.0|18.0|9.0|9.0|55.65|~|4.0|~|~|17.25|21.38|0.000|~|0.5816|-0.7948|2026-10-04T09:27:53.427668
san_francisco|2026-09-02|26|22.22|16.67|5.55|21.67|0.55|18.89|12.78|6.11|67.66|~|3.33|2.55|4|12.36|17.00|0.000|~|0.7996|0.3318|2026-10-04T09:27:53.427668
san_francisco|2026-09-03|31|21.67|15.56|6.11|22.22|-0.55|17.22|13.33|3.89|77.91|~|4.45|2.00|2|10.25|18.00|0.010|~|0.5568|0.8044|2026-10-04T09:27:53.427668
san_francisco|2026-09-04|27|21.67|14.44|7.23|21.67|0.00|15.56|12.78|2.78|83.54|~|6.11|2.00|2|11.56|16.00|0.000|~|0.9114|-0.3364|2026-10-04T09:27:53.427668
san_francisco|2026-09-05|28|22.78|15.0|7.78|21.67|1.11|15.0|12.78|2.22|86.57|~|7.78|2.00|2|14.11|19.00|0.000|~|0.8249|-0.3996|2026-10-04T09:27:53.427668
san_francisco|2026-09-06|132|21.67|15.56|6.11|22.78|-1.11|15.56|12.22|3.34|80.54|~|6.11|2.00|2|13.90|22.00|0.000|~|0.9756|-0.1336|2026-10-04T09:27:53.427668
san_francisco|2026-09-07|24|26.67|13.89|12.78|21.67|5.00|15.0|11.67|3.33|80.47|~|11.67|0.00|0|7.89|20.00|0.000|~|0.5360|-0.4691|2026-10-04T09:27:53.427668
san_francisco|2026-09-08|24|30.0|16.11|13.89|26.67|3.33|17.78|10.56|7.22|62.64|~|12.22|3.33|6|8.56|16.00|0.000|~|0.4657|-0.5479|2026-10-04T09:27:53.427668
san_francisco|2026-09-09|24|33.89|18.89|15.00|30.0|3.89|20.56|13.89|6.67|65.6|~|13.33|5.11|6|8.78|15.00|0.000|~|0.4713|-0.5492|2026-10-04T09:27:53.427668
san_francisco|2026-09-10|24|28.89|16.11|12.78|33.89|-5.00|22.78|13.33|9.45|55.24|~|6.11|2.22|4|13.78|18.00|0.000|~|0.6616|-0.7427|2026-10-04T09:27:53.427668
san_francisco|2026-09-11|26|22.22|15.56|6.66|28.89|-6.67|16.67|13.89|2.78|83.67|~|5.55|2.00|2|12.80|17.00|0.000|~|0.8196|-0.5392|2026-10-04T09:27:53.427668
san_francisco|2026-09-12|198|21.67|15.56|6.11|22.22|-0.55|16.67|12.78|3.89|77.82|~|5.00|0.94|2|15.93|24.00|0.000|~|0.9965|0.0146|2026-10-04T09:27:53.427668
san_francisco|2026-09-13|342|21.11|15|6.11|21.67|-0.56|16.11|13.33|2.78|83.6|~|5.00|2.36|4|20.21|23.00|0.000|~|0.9293|-0.3493|2026-10-04T09:27:53.427668
san_francisco|2026-09-14|334|23.89|13|10.89|21.11|2.78|15.0|11.67|3.33|80.47|~|8.89|0.75|2|11.32|20.00|0.000|~|0.7322|-0.5028|2026-10-04T09:27:53.427668
san_francisco|2026-09-15|341|22.22|13|9.22|23.89|-1.67|15.0|11.67|3.33|80.47|~|7.22|1.62|2|10.71|17.00|0.000|~|0.7110|-0.2061|2026-10-04T09:27:53.427668
san_francisco|2026-09-16|345|18.33|14|4.33|22.22|-3.89|16.11|12.22|3.89|77.73|~|2.22|5.97|8|13.93|20.00|0.000|~|0.9544|0.1862|2026-10-04T09:27:53.427668
san_francisco|2026-09-17|344|21.67|16|5.67|18.33|3.34|17.78|12.78|5.00|72.54|~|3.89|6.36|8|7.95|15.00|0.000|~|0.8858|0.2434|2026-10-04T09:27:53.427668
san_francisco|2026-09-18|344|20.0|14|6.0|21.67|-1.67|15.0|13.33|1.67|89.77|~|5.0|2.99|8|13.94|26.00|0.000|~|0.9192|-0.3394|2026-10-04T09:27:53.427668
san_francisco|2026-09-19|343|19.44|13.89|5.55|20.0|-0.56|15.0|12.22|2.78|83.47|~|4.44|2.31|8|12.26|22.00|0.000|~|0.7752|-0.4665|2026-10-04T09:27:53.427668
san_francisco|2026-09-20|346|17.78|13.89|3.89|19.44|-1.66|13.89|12.22|1.67|89.68|1015|3.89|4.63|8|9.62|14.00|0.000|~|0.9217|0.0490|2026-10-04T09:27:53.427668
san_francisco|2026-09-21|343|20|14|6|17.78|2.22|14.44|11.67|2.77|83.4|1014.6|5.56|4.53|8|10.57|14.00|0.000|-0.40|0.9022|0.3305|2026-10-04T09:27:53.427668
san_francisco|2026-09-22|355|18.89|13.89|5.00|20|-1.11|14.44|11.67|2.77|83.4|1015.1|4.45|3.31|8|11.79|20.00|0.000|0.50|0.9747|-0.0068|2026-10-04T09:27:53.427668
san_francisco|2026-09-23|340|25|12.78|12.22|18.89|6.11|13.33|12.22|1.11|92.98|1014|11.67|2.32|8|7.29|16.00|0.000|-1.10|0.4063|-0.4568|2026-10-04T09:27:53.427668
san_francisco|2026-09-24|335|24.44|15|9.44|25|-0.56|16.11|12.78|3.33|80.62|1011.8|8.33|0.78|6|9.87|20.00|0.000|-2.20|0.5041|-0.4956|2026-10-04T09:27:53.427668
san_francisco|2026-09-25|351|21.11|14|7.11|24.44|-3.33|16.67|15.56|1.11|93.16|1015.7|4.44|2.02|8|14.06|25.00|0.000|3.90|0.9784|-0.1587|2026-10-04T09:27:53.427668
san_francisco|2026-09-26|348|20.56|13|7.56|21.11|-0.55|14.44|11.67|2.77|83.4|1013.9|6.12|1.80|6|10.14|17.00|0.000|-1.80|0.5316|-0.6199|2026-10-04T09:27:53.427668
san_francisco|2026-09-27|345|18.33|14|4.33|20.56|-2.23|15.0|11.67|3.33|80.47|1012.6|3.33|5.06|8|11.90|18.00|0.000|-1.30|0.9810|0.1155|2026-10-04T09:27:53.427668
san_francisco|2026-09-28|341|20.56|13.89|6.67|18.33|2.23|13.89|10.56|3.33|80.31|1013.5|6.67|1.56|8|8.45|20.00|0.000|0.90|0.4031|-0.4896|2026-10-04T09:27:53.427668
san_francisco|2026-09-29|336|25.56|12.78|12.78|20.56|5.00|13.89|11.67|2.22|86.46|1010.7|11.67|0.00|0|9.66|19.00|0.000|-2.80|0.6779|-0.5170|2026-10-04T09:27:53.427668
san_francisco|2026-09-30|334|25.0|13|12.0|25.56|-0.56|15.0|12.22|2.78|83.47|1009.1|10.0|0.35|2|9.10|16.00|0.000|-1.60|0.5253|-0.6229|2026-10-04T09:27:53.427668
san_francisco|2026-10-01|339|22.22|12|10.22|25.0|-2.78|12.78|11.67|1.11|92.95|1011.8|9.44|1.72|8|8.89|17.11|0.000|2.70|0.6195|-0.6112|2026-10-04T09:27:53.427668
san_francisco|2026-10-02|338|23.33|13|10.33|22.22|1.11|13.89|12.78|1.11|93.01|1012.9|9.44|3.34|8|4.59|10.00|0.000|1.10|0.1462|-0.5621|2026-10-04T09:27:53.427668
san_francisco|2026-10-03|320|31.11|15|16.11|23.33|7.78|17.22|13.89|3.33|80.77|1012.1|13.89|0.43|2|6.54|14.00|0.000|-0.80|0.2395|-0.5570|2026-10-04T09:27:53.427668
san_francisco|2026-10-04|18|20.0|20|0.0|31.11|-11.11|~|~|~|~|~|~|~|~|~|~|0.000|~|~|~|2026-10-04T09:27:53.427668
sao_paulo|2026-09-02|25|21.0|12.0|9.0|21.0|0.0|15.0|13.0|2.0|87.84|~|6.0|4.89|6|5.67|8.00|0.000|~|-0.6687|0.3700|2026-10-04T09:27:53.427668
sao_paulo|2026-09-03|26|29.0|12.0|17.0|21.0|8.0|14.0|13.0|1.0|93.7|~|15.0|4.00|6|8.80|12.00|0.000|~|0.0089|-0.5241|2026-10-04T09:27:53.427668
sao_paulo|2026-09-04|26|31.0|15.0|16.0|29.0|2.0|20.0|14.0|6.0|68.38|~|11.0|3.00|6|9.30|15.00|0.000|~|0.7381|-0.0570|2026-10-04T09:27:53.427668
sao_paulo|2026-09-05|27|20.0|15.0|5.0|31.0|-11.0|17.0|16.0|1.0|93.84|~|3.0|5.83|8|5.67|9.00|0.000|~|-0.0248|0.2578|2026-10-04T09:27:53.427668
sao_paulo|2026-09-06|28|15.0|11.0|4.0|20.0|-5.0|14.0|12.0|2.0|87.75|~|1.0|8.00|8|8.00|12.00|0.000|~|-0.2871|0.9260|2026-10-04T09:27:53.427668
sao_paulo|2026-09-07|24|14.0|11.0|3.0|15.0|-1.0|11.0|10.0|1.0|93.55|~|3.0|7.11|8|7.44|10.00|0.000|~|-0.8455|0.5025|2026-10-04T09:27:53.427668
sao_paulo|2026-09-08|24|19.0|13.0|6.0|14.0|5.0|13.0|12.0|1.0|93.65|~|6.0|7.33|8|5.00|7.00|0.000|~|-0.9056|-0.3690|2026-10-04T09:27:53.427668
sao_paulo|2026-09-09|32|22.0|16.0|6.0|19.0|3.0|16.0|16.0|0.0|100.0|~|6.0|5.00|6|6.90|11.00|0.000|~|-0.7605|-0.4887|2026-10-04T09:27:53.427668
sao_paulo|2026-09-10|31|22.0|16.0|6.0|22.0|0.0|20.0|18.0|2.0|88.28|~|2.0|4.57|6|4.50|11.00|0.000|~|0.0136|0.4643|2026-10-04T09:27:53.427668
sao_paulo|2026-09-11|29|28.0|16.0|12.0|22.0|6.0|18.0|17.0|1.0|93.89|~|10.0|2.33|4|13.22|18.00|0.000|~|-0.1184|-0.8288|2026-10-04T09:27:53.427668
sao_paulo|2026-09-12|30|20.0|16.0|4.0|28.0|-8.0|17.0|17.0|0.0|100.0|~|3.0|2.67|4|5.90|9.00|0.000|~|-0.8271|-0.4070|2026-10-04T09:27:53.427668
sao_paulo|2026-09-13|27|16.0|15.0|1.0|20.0|-4.0|16.0|15.0|1.0|93.79|~|0.0|6.73|8|4.82|6.00|0.000|~|-0.3151|0.8810|2026-10-04T09:27:53.427668
sao_paulo|2026-09-14|24|16.0|14.0|2.0|16.0|0.0|14.0|13.0|1.0|93.7|~|2.0|7.11|8|3.67|6.00|0.000|~|0.0234|0.8617|2026-10-04T09:27:53.427668
sao_paulo|2026-09-15|27|20.0|14.0|6.0|16.0|4.0|15.0|14.0|1.0|93.74|~|5.0|5.17|8|4.25|7.00|0.000|~|0.2078|0.8339|2026-10-04T09:27:53.427668
sao_paulo|2026-09-16|25|19.0|13.0|6.0|20.0|-1.0|14.0|12.0|2.0|87.75|~|5.0|6.00|8|6.50|10.00|0.000|~|-0.5398|0.7317|2026-10-04T09:27:53.427668
sao_paulo|2026-09-17|21|17.0|13.0|4.0|19.0|-2.0|15.0|12.0|3.0|82.26|~|2.0|7.50|8|8.50|10.00|0.000|~|-0.8793|0.3170|2026-10-04T09:27:53.427668
sao_paulo|2026-09-18|24|23.0|15.0|8.0|17.0|6.0|16.0|14.0|2.0|87.93|~|7.0|7.33|8|8.44|10.00|0.000|~|-0.8811|-0.1735|2026-10-04T09:27:53.427668
sao_paulo|2026-09-19|24|27.0|17.0|10.0|23.0|4.0|18.0|16.0|2.0|88.1|~|9.0|4.89|8|9.22|13.00|0.000|~|-0.8722|-0.4582|2026-10-04T09:27:53.427668
sao_paulo|2026-09-20|21|21|18|3|27.0|-6.0|18|17|1|93.89|~|3|1.00|2|6.75|12.00|0.000|~|-0.3422|-0.8365|2026-10-04T09:27:53.427668
sao_paulo|2026-09-21|24|31|18|13|21|10|22|18|4|78.08|~|9|2.00|2|12.89|16.00|0.000|~|0.1628|-0.9160|2026-10-04T09:27:53.427668
sao_paulo|2026-09-22|31|25|16|9|31|-6|18.0|17.0|1.0|93.89|~|7.0|1.50|4|6.40|9.00|0.000|~|0.6082|-0.6753|2026-10-04T09:27:53.427668
sao_paulo|2026-09-23|27|16|13|3|25|-9|15|12|3|82.26|~|1|6.36|8|5.73|8.00|0.000|~|-0.6026|0.6035|2026-10-04T09:27:53.427668
sao_paulo|2026-09-24|26|20|14|6|16|4|15|13|2|87.84|~|5|7.56|8|5.56|8.00|0.000|~|-0.8940|-0.1670|2026-10-04T09:27:53.427668
sao_paulo|2026-09-25|25|28.0|17.0|11.0|20|8.0|17.0|16.0|1.0|93.84|~|11.0|4.00|8|6.20|9.00|0.000|~|-0.3572|0.0272|2026-10-04T09:27:53.427668
sao_paulo|2026-09-26|28|33.0|16.0|17.0|28.0|5.0|19.0|18.0|1.0|93.93|~|14.0|3.50|6|4.78|7.00|0.000|~|0.1335|-0.4084|2026-10-04T09:27:53.427668
sao_paulo|2026-09-27|24|29.0|17.0|12.0|33.0|-4.0|19.0|17.0|2.0|88.19|~|10.0|4.00|6|6.78|11.00|0.000|~|-0.5364|0.3425|2026-10-04T09:27:53.427668
sao_paulo|2026-09-28|27|30.0|18.0|12.0|29.0|1.0|19.0|18.0|1.0|93.93|~|11.0|5.00|8|7.64|11.00|0.000|~|-0.4588|0.2682|2026-10-04T09:27:53.427668
sao_paulo|2026-09-29|27|33.0|19.0|14.0|30.0|3.0|21.0|19.0|2.0|88.36|~|12.0|2.00|2|10.67|14.00|0.000|~|0.5410|-0.5956|2026-10-04T09:27:53.427668
sao_paulo|2026-09-30|24|32.0|19.0|13.0|33.0|-1.0|23.0|19.0|4.0|78.23|~|9.0|3.20|4|10.00|15.00|0.000|~|0.8891|-0.4042|2026-10-04T09:27:53.427668
sao_paulo|2026-10-01|24|26.0|19.0|7.0|32.0|-6.0|24.0|19.0|5.0|73.66|~|2.0|3.71|4|10.78|16.00|0.000|~|0.8997|0.0728|2026-10-04T09:27:53.427668
sao_paulo|2026-10-02|25|19.0|15.0|4.0|26.0|-7.0|19.0|16.0|3.0|82.76|~|0.0|6.60|8|5.90|9.00|0.000|~|-0.2325|0.9369|2026-10-04T09:27:53.427668
sao_paulo|2026-10-03|24|24.0|15.0|9.0|19.0|5.0|17.0|14.0|3.0|82.51|~|7.0|4.00|8|13.56|15.00|0.000|~|-0.9022|-0.4006|2026-10-04T09:27:53.427668
sao_paulo|2026-10-04|6|18.0|17.0|1.0|24.0|-6.0|~|~|~|~|~|~|~|~|~|~|0.000|~|~|~|2026-10-04T09:27:53.427668
seattle|2026-09-02|26|20.56|12.78|7.78|18.89|1.67|16.11|11.67|4.44|74.94|~|4.45|3.60|8|8.70|14.00|0.240|~|0.1400|0.8393|2026-10-04T09:27:53.427668
seattle|2026-09-03|25|20.0|12.22|7.78|20.56|-0.56|12.78|10.0|2.78|83.2|~|7.22|2.22|4|6.44|12.00|0.110|~|0.5384|0.6083|2026-10-04T09:27:53.427668
seattle|2026-09-04|27|20.56|11.67|8.89|20.0|0.56|12.78|11.67|1.11|92.95|~|7.78|3.50|6|3.75|7.00|0.010|~|0.5244|-0.0734|2026-10-04T09:27:53.427668
seattle|2026-09-05|26|20.56|11.67|8.89|20.56|0.00|12.78|9.44|3.34|80.16|~|7.78|3.11|8|2.78|5.00|0.000|~|0.1250|0.5468|2026-10-04T09:27:53.427668
seattle|2026-09-06|124|22.78|12|10.78|20.56|2.22|13.89|10.0|3.89|77.39|~|8.89|2.00|2|6.44|8.00|0.000|~|0.5493|-0.6162|2026-10-04T09:27:53.427668
seattle|2026-09-07|29|21.11|13.89|7.22|22.78|-1.67|15.0|11.11|3.89|77.56|~|6.11|4.62|8|5.23|7.00|0.000|~|0.6436|0.1057|2026-10-04T09:27:53.427668
seattle|2026-09-08|24|23.33|13.33|10.00|21.11|2.22|14.44|11.11|3.33|80.39|~|8.89|2.00|2|7.33|13.00|0.000|~|0.2043|-0.8397|2026-10-04T09:27:53.427668
seattle|2026-09-09|27|25.0|12.78|12.22|23.33|1.67|14.44|12.78|1.66|89.73|~|10.56|2.67|6|6.11|7.00|0.000|~|0.9251|-0.3560|2026-10-04T09:27:53.427668
seattle|2026-09-10|24|21.11|14.44|6.67|25.0|-3.89|16.67|9.44|7.23|62.38|~|4.44|2.44|4|6.11|7.00|0.000|~|0.5634|-0.4419|2026-10-04T09:27:53.427668
seattle|2026-09-11|25|18.89|11.11|7.78|21.11|-2.22|13.33|8.33|5.00|71.71|~|5.56|2.67|4|6.00|9.00|0.000|~|0.4287|0.8562|2026-10-04T09:27:53.427668
seattle|2026-09-12|198|18.89|12.22|6.67|18.89|0.00|13.33|8.89|4.44|74.46|~|5.56|1.31|8|5.08|8.01|0.242|~|0.8303|-0.3513|2026-10-04T09:27:53.427668
seattle|2026-09-13|334|15.56|12|3.56|18.89|-3.33|12.22|11.67|0.55|96.4|~|3.34|7.64|8|8.78|11.99|1.607|~|0.0650|0.9208|2026-10-04T09:27:53.427668
seattle|2026-09-14|327|18.89|12|6.89|15.56|3.33|13.89|11.67|2.22|86.46|~|5.00|6.36|8|5.87|9.00|0.000|~|0.3591|0.7850|2026-10-04T09:27:53.427668
seattle|2026-09-15|320|19.44|12|7.44|18.89|0.55|13.33|11.11|2.22|86.4|~|6.11|5.30|8|7.84|13.00|0.022|~|-0.0069|-0.9321|2026-10-04T09:27:53.427668
seattle|2026-09-16|324|23.33|12|11.33|19.44|3.89|12.78|11.11|1.67|89.6|~|10.55|0.41|2|10.37|14.00|0.000|~|0.0987|-0.9738|2026-10-04T09:27:53.427668
seattle|2026-09-17|311|24.44|12|12.44|23.33|1.11|14.44|11.67|2.77|83.4|~|10.00|0.31|2|5.98|9.99|0.000|~|0.5854|-0.5546|2026-10-04T09:27:53.427668
seattle|2026-09-18|331|20.0|13|7.0|24.44|-4.44|13.89|12.22|1.67|89.68|~|6.11|4.12|8|6.63|9.99|0.000|~|0.4326|0.8116|2026-10-04T09:27:53.427668
seattle|2026-09-19|324|17.22|11|6.22|20.0|-2.78|11.67|11.11|0.56|96.39|~|5.55|6.43|8|2.68|6.01|0.000|~|0.7590|-0.0149|2026-10-04T09:27:53.427668
seattle|2026-09-20|328|21.11|10|11.11|17.22|3.89|12.22|10.56|1.66|89.55|~|8.89|0.88|4|5.74|8.01|0.000|~|0.4603|-0.5907|2026-10-04T09:27:53.427668
seattle|2026-09-21|312|18.89|11|7.89|21.11|-2.22|12.22|10.56|1.66|89.55|1017.3|6.67|1.32|6|4.83|9.00|0.000|~|0.4842|0.6925|2026-10-04T09:27:53.427668
seattle|2026-09-22|314|20|13|7|18.89|1.11|15|11.67|3.33|80.47|1018.3|5|3.29|8|5.42|9.99|0.000|1.00|0.6341|0.5932|2026-10-04T09:27:53.427668
seattle|2026-09-23|319|18.89|11.67|7.22|20|-1.11|12.22|8.89|3.33|80.08|1019.9|6.67|6.71|8|6.16|9.99|0.000|1.60|0.3686|0.5289|2026-10-04T09:27:53.427668
seattle|2026-09-24|318|16.67|11|5.67|18.89|-2.22|11.11|8.33|2.78|82.99|1015.4|5.56|3.14|8|7.76|11.00|0.401|-4.50|0.1415|-0.9197|2026-10-04T09:27:53.427668
seattle|2026-09-25|343|16.67|10.56|6.11|16.67|0.00|13.89|11.67|2.22|86.46|1005.8|2.78|6.48|8|14.40|20.00|0.867|-9.60|0.2883|0.8270|2026-10-04T09:27:53.427668
seattle|2026-09-26|305|17.78|8|9.78|16.67|1.11|8.89|6.11|2.78|82.72|1023.3|8.89|1.56|6|6.18|13.02|0.000|17.50|0.2351|-0.6155|2026-10-04T09:27:53.427668
seattle|2026-09-27|309|17.78|9|8.78|17.78|0.00|9.44|7.22|2.22|86.0|1018.8|8.34|0.36|6|10.08|15.01|0.000|-4.50|0.0097|-0.9666|2026-10-04T09:27:53.427668
seattle|2026-09-28|313|17.78|7.78|10.00|17.78|0.00|8.89|6.67|2.22|85.95|1019.0|8.89|3.10|8|6.73|13.00|0.000|0.20|0.3210|0.8429|2026-10-04T09:27:53.427668
seattle|2026-09-29|334|17.22|11.67|5.55|17.78|-0.56|14.44|11.67|2.77|83.4|1012.9|2.78|7.10|8|12.10|16.00|0.022|-6.10|0.4512|0.7743|2026-10-04T09:27:53.427668
seattle|2026-09-30|320|17.78|9|8.78|17.22|0.56|11.11|7.78|3.33|79.92|1020.3|6.67|2.41|8|7.30|9.99|0.000|7.40|-0.0060|-0.9320|2026-10-04T09:27:53.427668
seattle|2026-10-01|331|19.44|11|8.44|17.78|1.66|11.67|10.0|1.67|89.51|1019.1|7.77|2.37|8|2.98|6.03|0.000|-1.20|0.7670|0.0835|2026-10-04T09:27:53.427668
seattle|2026-10-02|314|21.11|11.67|9.44|19.44|1.67|13.89|11.11|2.78|83.34|1017.5|7.22|5.04|8|6.17|10.00|0.000|-1.60|0.3800|0.7861|2026-10-04T09:27:53.427668
seattle|2026-10-03|324|18.89|13|5.89|21.11|-2.22|13.33|12.78|0.55|96.44|1020.1|5.56|4.95|8|7.58|11.00|0.000|2.60|-0.1750|-0.9492|2026-10-04T09:27:53.427668
seattle|2026-10-04|17|12.78|12|0.78|18.89|-6.11|~|~|~|~|~|~|~|~|~|~|0.000|~|~|~|2026-10-04T09:27:53.427668
seoul|2026-09-02|48|28.0|22.0|6.0|25.0|3.0|24.0|23.0|1.0|94.16|~|4.0|3.22|4|5.56|8.00|0.000|~|0.7100|-0.2567|2026-10-04T02:39:42.107244
seoul|2026-09-03|48|31.0|22.0|9.0|28.0|3.0|22.0|22.0|0.0|100.0|~|9.0|2.29|4|8.56|11.00|0.000|~|-0.2705|-0.9291|2026-10-04T09:27:53.427668
seoul|2026-09-04|48|30.0|21.0|9.0|31.0|-1.0|22.0|18.0|4.0|78.08|~|8.0|~|~|10.67|12.00|0.000|~|-0.7394|-0.6602|2026-10-04T09:27:53.427668
seoul|2026-09-05|48|29.0|20.0|9.0|30.0|-1.0|21.0|17.0|4.0|77.93|~|8.0|~|~|10.56|13.00|0.000|~|-0.5807|-0.7985|2026-10-04T09:27:53.427668
seoul|2026-09-06|48|29.0|20.0|9.0|29.0|0.0|21.0|17.0|4.0|77.93|~|8.0|~|~|11.39|14.00|0.000|~|-0.5809|-0.7756|2026-10-04T09:27:53.427668
seoul|2026-09-07|48|28.0|20.0|8.0|29.0|-1.0|21.0|16.0|5.0|73.13|~|7.0|~|~|9.89|13.00|0.000|~|-0.0950|-0.8427|2026-10-04T09:27:53.427668
seoul|2026-09-08|48|27.0|19.0|8.0|28.0|-1.0|21.0|17.0|4.0|77.93|~|6.0|~|~|7.17|10.00|0.000|~|0.5161|-0.5931|2026-10-04T09:27:53.427668
seoul|2026-09-09|48|26.0|19.0|7.0|27.0|-1.0|20.0|15.0|5.0|72.95|~|6.0|~|~|10.72|12.00|0.000|~|-0.6452|-0.6796|2026-10-04T09:27:53.427668
seoul|2026-09-10|48|22.0|17.0|5.0|26.0|-4.0|18.0|12.0|6.0|67.97|~|4.0|~|~|7.56|10.00|0.000|~|-0.7086|-0.6974|2026-10-04T09:27:53.427668
seoul|2026-09-11|48|25.0|16.0|9.0|22.0|3.0|18.0|14.0|4.0|77.46|~|7.0|~|~|6.17|9.00|0.000|~|0.5152|-0.5550|2026-10-04T09:27:53.427668
seoul|2026-09-12|48|23.0|18.0|5.0|25.0|-2.0|20.0|17.0|3.0|82.88|~|3.0|~|~|4.22|6.00|0.000|~|-0.3916|-0.8513|2026-10-04T09:27:53.427668
seoul|2026-09-13|48|24.0|20.0|4.0|23.0|1.0|20.0|20.0|0.0|100.0|~|4.0|2.00|2|3.78|6.00|0.000|~|0.2544|0.1527|2026-10-04T09:27:53.427668
seoul|2026-09-14|48|26.0|18.0|8.0|24.0|2.0|22.0|20.0|2.0|88.45|~|4.0|2.00|2|8.39|11.00|0.000|~|0.5303|-0.7655|2026-10-04T09:27:53.427668
seoul|2026-09-15|48|24.0|16.0|8.0|26.0|-2.0|19.0|13.0|6.0|68.18|~|5.0|~|~|8.11|11.00|0.000|~|0.6310|-0.4770|2026-10-04T09:27:53.427668
seoul|2026-09-16|48|27.0|16.0|11.0|24.0|3.0|18.0|15.0|3.0|82.63|~|9.0|~|~|7.61|9.00|0.000|~|0.0016|-0.7319|2026-10-04T09:27:53.427668
seoul|2026-09-17|48|27.0|18.0|9.0|27.0|0.0|21.0|16.0|5.0|73.13|~|6.0|~|~|8.50|10.00|0.000|~|-0.8781|0.3251|2026-10-04T09:27:53.427668
seoul|2026-09-18|48|28.0|19.0|9.0|27.0|1.0|21.0|15.0|6.0|68.59|~|7.0|3.56|4|9.44|13.00|0.000|~|-0.8823|-0.0637|2026-10-04T09:27:53.427668
seoul|2026-09-19|48|28.0|20.0|8.0|28.0|0.0|21.0|16.0|5.0|73.13|~|7.0|2.00|2|8.56|11.00|0.000|~|0.0633|-0.6453|2026-10-04T09:27:53.427668
seoul|2026-09-20|48|26.0|19.0|7.0|28.0|-2.0|20.0|17.0|3.0|82.88|~|6.0|~|~|8.67|15.00|0.000|~|0.7612|-0.3262|2026-10-04T09:27:53.427668
seoul|2026-09-21|48|27.0|19.0|8.0|26.0|1.0|21|16|5|73.13|~|6.0|~|~|6.50|10.00|0.000|~|0.5225|-0.4210|2026-10-04T09:27:53.427668
seoul|2026-09-22|48|28|18|10|27.0|1.0|22.0|14.0|8.0|60.48|~|6.0|~|~|7.83|11.00|0.000|~|-0.0828|0.4061|2026-10-04T09:27:53.427668
seoul|2026-09-23|48|27|19|8|28|-1|22|18|4|78.08|~|5|~|~|6.61|8.00|0.000|~|0.3717|0.4353|2026-10-04T09:27:53.427668
seoul|2026-09-24|48|25|19|6|27|-2|22|20|2|88.45|~|3|2.00|2|6.39|9.00|0.000|~|0.6500|-0.6414|2026-10-04T09:27:53.427668
seoul|2026-09-25|48|24|19.0|5.0|25|-1|20|19|1|93.98|~|4|4.15|6|7.17|13.00|0.000|~|-0.7574|-0.4355|2026-10-04T09:27:53.427668
seoul|2026-09-26|48|26.0|19.0|7.0|24|2.0|19.0|18.0|1.0|93.93|~|7.0|~|~|7.94|9.00|0.000|~|-0.0894|-0.7889|2026-10-04T09:27:53.427668
seoul|2026-09-27|48|26.0|19.0|7.0|26.0|0.0|20.0|19.0|1.0|93.98|~|6.0|2.00|2|6.72|10.00|0.000|~|0.6246|-0.2791|2026-10-04T09:27:53.427668
seoul|2026-09-28|48|23.0|19.0|4.0|26.0|-3.0|21.0|17.0|4.0|77.93|~|2.0|2.00|2|8.33|10.00|0.000|~|0.8509|-0.3508|2026-10-04T09:27:53.427668
seoul|2026-09-29|48|24.0|16.0|8.0|23.0|1.0|18.0|14.0|4.0|77.46|~|6.0|~|~|7.50|12.00|0.000|~|0.5114|-0.4965|2026-10-04T09:27:53.427668
seoul|2026-09-30|48|25.0|17.0|8.0|24.0|1.0|19.0|18.0|1.0|93.93|~|6.0|2.00|2|9.00|14.00|0.000|~|0.4037|0.8213|2026-10-04T09:27:53.427668
seoul|2026-10-01|48|21.0|15.0|6.0|25.0|-4.0|17.0|-1.0|18.0|29.34|~|4.0|~|~|8.83|13.00|0.000|~|0.7250|-0.3458|2026-10-04T09:27:53.427668
seoul|2026-10-02|48|22.0|13.0|9.0|21.0|1.0|17.0|3.0|14.0|39.14|~|5.0|~|~|10.44|15.00|0.000|~|0.4087|-0.8330|2026-10-04T09:27:53.427668
seoul|2026-10-03|48|21.0|12.0|9.0|22.0|-1.0|13.0|9.0|4.0|76.67|~|8.0|~|~|5.78|9.00|0.000|~|-0.5977|0.5460|2026-10-04T09:27:53.427668
seoul|2026-10-04|35|24.0|17.0|7.0|21.0|3.0|19.0|13.0|6.0|68.18|~|5.0|~|~|10.35|13.00|0.000|~|0.0841|0.8347|2026-10-04T09:27:53.427668
shanghai|2026-09-02|50|30.0|25.0|5.0|30.0|0.0|29.0|26.0|3.0|83.93|~|1.0|4.78|6|14.19|17.49|0.000|~|-0.9408|-0.1946|2026-10-04T02:39:42.294934
shanghai|2026-09-03|48|31.0|27.0|4.0|30.0|1.0|29.0|26.0|3.0|83.93|~|2.0|3.89|4|15.77|17.49|0.000|~|-0.8478|-0.5029|2026-10-04T09:27:53.427668
shanghai|2026-09-04|48|31.0|27.0|4.0|31.0|0.0|28.0|24.0|4.0|78.96|~|3.0|4.89|6|18.46|21.38|0.000|~|-0.4071|-0.9025|2026-10-04T09:27:53.427668
shanghai|2026-09-05|48|30.0|26.0|4.0|31.0|-1.0|28.0|24.0|4.0|78.96|~|2.0|2.20|4|15.66|17.49|0.000|~|-0.4737|-0.8642|2026-10-04T09:27:53.427668
shanghai|2026-09-06|48|30.0|26.0|4.0|30.0|0.0|28.0|21.0|7.0|65.82|~|2.0|4.00|4|15.01|17.49|0.000|~|-0.5115|-0.8535|2026-10-04T09:27:53.427668
shanghai|2026-09-07|48|30.0|24.0|6.0|30.0|0.0|27.0|20.0|7.0|65.6|~|3.0|5.11|6|14.25|17.49|0.000|~|-0.1182|-0.9468|2026-10-04T09:27:53.427668
shanghai|2026-09-08|48|30.0|24.0|6.0|30.0|0.0|26.0|20.0|6.0|69.58|~|4.0|2.00|2|14.36|15.55|0.000|~|-0.0159|-0.9795|2026-10-04T09:27:53.427668
shanghai|2026-09-09|48|28.0|23.0|5.0|30.0|-2.0|26.0|19.0|7.0|65.39|~|2.0|6.00|6|17.82|19.44|0.000|~|-0.0074|-0.9959|2026-10-04T09:27:53.427668
shanghai|2026-09-10|48|30.0|22.0|8.0|28.0|2.0|25.0|18.0|7.0|65.17|~|5.0|2.92|6|14.69|21.38|0.000|~|0.3953|-0.9077|2026-10-04T09:27:53.427668
shanghai|2026-09-11|50|27.0|23.0|4.0|30.0|-3.0|23.0|22.0|1.0|94.11|~|4.0|2.00|2|11.97|13.61|0.000|~|-0.3759|-0.8454|2026-10-04T09:27:53.427668
shanghai|2026-09-12|48|28.0|24.0|4.0|27.0|1.0|26.0|19.0|7.0|65.39|~|2.0|3.14|4|8.75|9.72|0.000|~|-0.5388|-0.8207|2026-10-04T09:27:53.427668
shanghai|2026-09-13|48|29.0|24.0|5.0|28.0|1.0|26.0|21.0|5.0|74.0|~|3.0|2.00|2|6.70|9.72|0.000|~|-0.7377|-0.6129|2026-10-04T09:27:53.427668
shanghai|2026-09-14|48|29.0|24.0|5.0|29.0|0.0|26.0|19.0|7.0|65.39|~|3.0|4.00|4|13.18|15.55|0.000|~|-0.5090|-0.8401|2026-10-04T09:27:53.427668
shanghai|2026-09-15|48|28.0|24.0|4.0|29.0|-1.0|26.0|13.0|13.0|44.58|~|2.0|~|~|10.48|13.61|0.000|~|-0.6935|-0.6799|2026-10-04T09:27:53.427668
shanghai|2026-09-16|48|28.0|21.0|7.0|28.0|0.0|26.0|16.0|10.0|54.11|~|2.0|2.00|2|10.69|11.66|0.000|~|-0.4837|-0.8559|2026-10-04T09:27:53.427668
shanghai|2026-09-17|48|29.0|23.0|6.0|28.0|1.0|27.0|21.0|6.0|69.77|~|2.0|~|~|12.64|15.55|0.000|~|-0.9864|0.0198|2026-10-04T09:27:53.427668
shanghai|2026-09-18|48|29.0|25.0|4.0|29.0|0.0|27.0|22.0|5.0|74.17|~|2.0|4.00|6|11.55|13.61|0.000|~|-0.5581|-0.8147|2026-10-04T09:27:53.427668
shanghai|2026-09-19|51|27.0|24.0|3.0|29.0|-2.0|25.0|25.0|0.0|100.0|~|2.0|3.41|6|6.04|9.72|0.000|~|-0.7670|-0.3466|2026-10-04T09:27:53.427668
shanghai|2026-09-20|48|28.0|23.0|5.0|27.0|1.0|26.0|21.0|5.0|74.0|~|2.0|2.00|2|11.23|13.61|0.000|~|-0.5355|-0.8344|2026-10-04T09:27:53.427668
shanghai|2026-09-21|48|29.0|22.0|7.0|28.0|1.0|26.0|21.0|5.0|74.0|~|3.0|4.00|6|8.97|11.66|0.000|~|-0.2875|-0.9136|2026-10-04T09:27:53.427668
shanghai|2026-09-22|48|28|22.0|6.0|29.0|-1.0|26.0|21.0|5.0|74.0|~|2.0|3.78|6|9.18|9.72|0.000|~|-0.7497|-0.5496|2026-10-04T09:27:53.427668
shanghai|2026-09-23|48|29|23|6|28|1|26|21|5|74|~|3|3.64|4|8.64|9.72|0.000|~|-0.9621|0.1760|2026-10-04T09:27:53.427668
shanghai|2026-09-24|48|28|24|4|29|-1|27|22|5|74.17|~|1|6.00|6|10.58|13.61|0.000|~|-0.9433|0.2012|2026-10-04T09:27:53.427668
shanghai|2026-09-25|48|31|24|7|28|3|27|23|4|78.81|~|4|3.82|6|9.61|11.66|0.000|~|-0.2994|0.9460|2026-10-04T09:27:53.427668
shanghai|2026-09-26|49|30.0|25.0|5.0|31|-1.0|27.0|24.0|3.0|83.7|~|3.0|3.44|6|10.91|15.55|0.000|~|-0.3556|-0.8735|2026-10-04T09:27:53.427668
shanghai|2026-09-27|50|29.0|25.0|4.0|30.0|-1.0|26.0|26.0|0.0|100.0|~|3.0|4.86|6|6.86|9.72|0.000|~|-0.5861|-0.4433|2026-10-04T09:27:53.427668
shanghai|2026-09-28|48|26.0|24.0|2.0|29.0|-3.0|25.0|23.0|2.0|88.7|~|1.0|6.00|6|11.01|13.61|0.000|~|-0.7063|-0.6749|2026-10-04T09:27:53.427668
shanghai|2026-09-29|48|26.0|23.0|3.0|26.0|0.0|25.0|20.0|5.0|73.83|~|1.0|8.00|8|12.85|15.55|0.000|~|-0.9686|-0.2271|2026-10-04T09:27:53.427668
shanghai|2026-09-30|49|24.0|22.0|2.0|26.0|-2.0|24.0|21.0|3.0|83.36|~|0.0|6.00|6|10.23|11.66|0.000|~|-0.8325|-0.4860|2026-10-04T09:27:53.427668
shanghai|2026-10-01|50|25.0|20.0|5.0|24.0|1.0|23.0|18.0|5.0|73.48|~|2.0|4.00|4|12.79|15.55|0.000|~|-0.1844|-0.8636|2026-10-04T09:27:53.427668
shanghai|2026-10-02|48|24.0|21.0|3.0|25.0|-1.0|24.0|16.0|8.0|60.96|~|0.0|2.11|4|12.20|13.61|0.000|~|-0.7050|-0.7019|2026-10-04T09:27:53.427668
shanghai|2026-10-03|50|22.0|18.0|4.0|24.0|-2.0|21.0|14.0|7.0|64.3|~|1.0|2.89|6|10.79|15.55|0.000|~|-0.5240|-0.8323|2026-10-04T09:27:53.427668
shanghai|2026-10-04|33|23.0|20.0|3.0|22.0|1.0|20.0|20.0|0.0|100.0|~|3.0|5.38|6|11.27|13.61|0.000|~|-0.2228|-0.9537|2026-10-04T09:27:53.427668
shenzhen|2026-09-02|24|30.0|24.0|6.0|31.0|-1.0|25.0|22.0|3.0|83.47|~|5.0|3.56|6|12.74|15.55|0.000|~|0.5611|-0.8188|2026-10-04T02:39:42.474398
shenzhen|2026-09-03|24|30.0|26.0|4.0|30.0|0.0|26.0|21.0|5.0|74.0|~|4.0|6.00|6|12.96|15.55|0.000|~|0.6766|-0.7074|2026-10-04T09:27:53.427668
shenzhen|2026-09-04|24|30.0|25.0|5.0|30.0|0.0|27.0|21.0|6.0|69.77|~|3.0|3.75|6|7.78|9.72|0.000|~|0.9302|-0.3288|2026-10-04T09:27:53.427668
shenzhen|2026-09-05|24|31.0|27.0|4.0|30.0|1.0|28.0|24.0|4.0|78.96|~|3.0|2.67|4|7.78|11.66|0.000|~|0.4826|0.5766|2026-10-04T09:27:53.427668
shenzhen|2026-09-06|24|28.0|25.0|3.0|31.0|-3.0|25.0|25.0|0.0|100.0|~|3.0|3.11|4|4.97|7.78|0.000|~|0.7081|0.1683|2026-10-04T09:27:53.427668
shenzhen|2026-09-07|24|31.0|27.0|4.0|28.0|3.0|28.0|26.0|2.0|88.94|~|3.0|4.50|8|4.53|7.78|0.000|~|0.7502|0.2896|2026-10-04T09:27:53.427668
shenzhen|2026-09-08|24|32.0|27.0|5.0|31.0|1.0|28.0|25.0|3.0|83.82|~|4.0|2.00|2|5.83|7.78|0.000|~|0.7993|0.1724|2026-10-04T09:27:53.427668
shenzhen|2026-09-09|24|32.0|27.0|5.0|32.0|0.0|29.0|24.0|5.0|74.51|~|3.0|4.22|6|8.42|11.66|0.000|~|-0.2334|0.3589|2026-10-04T09:27:53.427668
shenzhen|2026-09-10|24|33.0|23.0|10.0|32.0|1.0|26.0|23.0|3.0|83.59|~|7.0|3.33|6|7.78|15.55|0.000|~|-0.7125|-0.3662|2026-10-04T09:27:53.427668
shenzhen|2026-09-11|24|33.0|26.0|7.0|33.0|0.0|27.0|20.0|7.0|65.6|~|6.0|2.00|2|9.94|11.66|0.000|~|-0.3601|-0.9233|2026-10-04T09:27:53.427668
shenzhen|2026-09-12|24|34.0|27.0|7.0|33.0|1.0|28.0|20.0|8.0|61.88|~|6.0|2.50|4|9.94|11.66|0.000|~|-0.5477|-0.8150|2026-10-04T09:27:53.427668
shenzhen|2026-09-13|24|32.0|26.0|6.0|34.0|-2.0|28.0|24.0|4.0|78.96|~|4.0|3.78|6|7.78|9.72|0.000|~|-0.3784|0.0921|2026-10-04T09:27:53.427668
shenzhen|2026-09-14|24|30.0|27.0|3.0|32.0|-2.0|28.0|26.0|2.0|88.94|~|2.0|2.00|2|5.61|13.61|0.000|~|0.3423|0.3256|2026-10-04T09:27:53.427668
shenzhen|2026-09-15|24|30.0|26.0|4.0|30.0|0.0|27.0|25.0|2.0|88.86|~|3.0|3.60|6|5.83|9.72|0.000|~|0.2231|0.4098|2026-10-04T09:27:53.427668
shenzhen|2026-09-16|24|30.0|26.0|4.0|30.0|0.0|28.0|24.0|4.0|78.96|~|2.0|2.89|6|5.62|7.78|0.000|~|0.4173|0.5454|2026-10-04T09:27:53.427668
shenzhen|2026-09-17|24|30.0|26.0|4.0|30.0|0.0|28.0|23.0|5.0|74.34|~|2.0|3.33|6|6.70|9.72|0.000|~|0.5153|0.5364|2026-10-04T09:27:53.427668
shenzhen|2026-09-18|24|32.0|26.0|6.0|30.0|2.0|28.0|24.0|4.0|78.96|~|4.0|2.44|4|6.91|9.72|0.000|~|0.2550|0.5786|2026-10-04T09:27:53.427668
shenzhen|2026-09-19|24|32.0|27.0|5.0|32.0|0.0|29.0|24.0|5.0|74.51|~|3.0|2.00|2|7.78|11.66|0.000|~|0.4496|0.7815|2026-10-04T09:27:53.427668
shenzhen|2026-09-20|24|32.0|27.0|5.0|32.0|0.0|30.0|22.0|8.0|62.34|~|2.0|2.33|4|6.91|9.72|0.000|~|0.6180|0.6437|2026-10-04T09:27:53.427668
shenzhen|2026-09-21|24|32.0|28.0|4.0|32.0|0.0|29.0|25.0|4.0|79.1|~|3.0|3.43|6|6.05|7.78|0.000|~|0.5746|0.7375|2026-10-04T09:27:53.427668
shenzhen|2026-09-22|24|31|28.0|3.0|32.0|-1.0|30.0|22.0|8.0|62.34|~|1.0|2.67|4|7.56|9.72|0.000|~|0.2842|0.9383|2026-10-04T09:27:53.427668
shenzhen|2026-09-23|24|31|28|3|31|0|28|23|5|74.34|~|3|3.25|6|5.62|7.78|0.000|~|0.4873|0.5874|2026-10-04T09:27:53.427668
shenzhen|2026-09-24|24|31|28|3|31|0|29|23|6|70.16|~|2|3.75|6|6.26|9.72|0.000|~|0.3710|0.6247|2026-10-04T09:27:53.427668
shenzhen|2026-09-25|24|32|28.0|4.0|31|1|30|23|7|66.24|~|2|3.00|6|7.34|9.72|0.000|~|0.5416|0.7159|2026-10-04T09:27:53.427668
shenzhen|2026-09-26|24|31.0|27.0|4.0|32|-1.0|28.0|24.0|4.0|78.96|~|3.0|3.00|4|6.70|9.72|0.000|~|0.5340|0.7510|2026-10-04T09:27:53.427668
shenzhen|2026-09-27|24|32.0|27.0|5.0|31.0|1.0|29.0|24.0|5.0|74.51|~|3.0|2.00|2|7.13|13.61|0.000|~|0.2418|0.9262|2026-10-04T09:27:53.427668
shenzhen|2026-09-28|24|32.0|28.0|4.0|32.0|0.0|30.0|25.0|5.0|74.68|~|2.0|2.00|2|10.58|17.49|0.000|~|0.1188|0.9689|2026-10-04T09:27:53.427668
shenzhen|2026-09-29|24|32.0|28.0|4.0|32.0|0.0|30.0|26.0|4.0|79.24|~|2.0|2.00|2|7.13|11.66|0.000|~|0.2329|0.9483|2026-10-04T09:27:53.427668
shenzhen|2026-09-30|24|33.0|29.0|4.0|32.0|1.0|30.0|27.0|3.0|84.04|~|3.0|2.00|2|6.70|11.66|0.000|~|0.2801|0.8575|2026-10-04T09:27:53.427668
shenzhen|2026-10-01|24|33.0|29.0|4.0|33.0|0.0|30.0|26.0|4.0|79.24|~|3.0|2.00|2|8.64|13.61|0.000|~|0.2297|0.9313|2026-10-04T09:27:53.427668
shenzhen|2026-10-02|24|31.0|24.0|7.0|33.0|-2.0|25.0|24.0|1.0|94.2|~|6.0|2.00|2|6.05|7.78|0.000|~|0.6565|-0.3696|2026-10-04T09:27:53.427668
shenzhen|2026-10-03|24|29.0|25.0|4.0|31.0|-2.0|25.0|23.0|2.0|88.7|~|4.0|3.14|4|5.62|7.78|0.000|~|-0.1351|0.9148|2026-10-04T09:27:53.427668
shenzhen|2026-10-04|17|32.0|27.0|5.0|29.0|3.0|29.0|25.0|4.0|79.1|~|3.0|2.00|2|4.62|7.78|0.000|~|0.6541|0.5787|2026-10-04T09:27:53.427668
singapore|2026-09-02|48|33.0|28.0|5.0|32.0|1.0|29.0|26.0|3.0|83.93|~|4.0|2.22|4|11.17|16.00|0.000|~|-0.8130|0.5268|2026-10-04T02:39:42.630122
singapore|2026-09-03|48|33.0|27.0|6.0|33.0|0.0|29.0|23.0|6.0|70.16|~|4.0|2.00|2|9.94|13.00|0.000|~|-0.2628|0.9405|2026-10-04T09:27:53.427668
singapore|2026-09-04|48|33.0|28.0|5.0|33.0|0.0|28.0|24.0|4.0|78.96|~|5.0|2.00|2|10.83|13.00|0.000|~|-0.2477|0.9554|2026-10-04T09:27:53.427668
singapore|2026-09-05|48|33.0|28.0|5.0|33.0|0.0|29.0|24.0|5.0|74.51|~|4.0|2.00|2|9.44|11.00|0.000|~|-0.7764|0.5909|2026-10-04T09:27:53.427668
singapore|2026-09-06|48|33.0|28.0|5.0|33.0|0.0|28.0|25.0|3.0|83.82|~|5.0|2.00|2|8.89|12.00|0.000|~|-0.1013|0.9560|2026-10-04T09:27:53.427668
singapore|2026-09-07|48|33.0|28.0|5.0|33.0|0.0|28.0|24.0|4.0|78.96|~|5.0|2.00|2|9.22|11.00|0.000|~|-0.8438|0.3867|2026-10-04T09:27:53.427668
singapore|2026-09-08|48|33.0|28.0|5.0|33.0|0.0|28.0|25.0|3.0|83.82|~|5.0|2.00|2|7.83|10.00|0.000|~|-0.2714|0.9352|2026-10-04T09:27:53.427668
singapore|2026-09-09|48|33.0|28.0|5.0|33.0|0.0|29.0|25.0|4.0|79.1|~|4.0|2.44|4|8.83|12.00|0.000|~|-0.8240|0.5283|2026-10-04T09:27:53.427668
singapore|2026-09-10|48|32.0|28.0|4.0|33.0|-1.0|28.0|25.0|3.0|83.82|~|4.0|2.00|2|6.50|12.00|0.000|~|-0.5157|0.7074|2026-10-04T09:27:53.427668
singapore|2026-09-11|50|32.0|25.0|7.0|32.0|0.0|29.0|25.0|4.0|79.1|~|3.0|2.30|4|7.50|14.00|0.000|~|-0.2135|0.7502|2026-10-04T09:27:53.427668
singapore|2026-09-12|48|32.0|26.0|6.0|32.0|0.0|27.0|25.0|2.0|88.86|~|5.0|2.11|4|6.83|10.00|0.000|~|0.0921|0.8477|2026-10-04T09:27:53.427668
singapore|2026-09-13|48|33.0|27.0|6.0|32.0|1.0|29.0|25.0|4.0|79.1|~|4.0|3.00|4|10.72|13.00|0.000|~|-0.6990|0.6721|2026-10-04T09:27:53.427668
singapore|2026-09-14|49|33.0|27.0|6.0|33.0|0.0|29.0|25.0|4.0|79.1|~|4.0|2.21|4|9.58|14.00|0.000|~|-0.6722|0.6407|2026-10-04T09:27:53.427668
singapore|2026-09-15|49|33.0|27.0|6.0|33.0|0.0|29.0|25.0|4.0|79.1|~|4.0|2.53|4|7.84|12.00|0.000|~|-0.3652|0.8587|2026-10-04T09:27:53.427668
singapore|2026-09-16|48|34.0|27.0|7.0|33.0|1.0|28.0|23.0|5.0|74.34|~|6.0|2.44|4|7.94|15.00|0.000|~|-0.3596|0.8901|2026-10-04T09:27:53.427668
singapore|2026-09-17|48|33.0|28.0|5.0|34.0|-1.0|28.0|24.0|4.0|78.96|~|5.0|2.00|2|7.22|10.00|0.000|~|-0.1863|0.9323|2026-10-04T09:27:53.427668
singapore|2026-09-18|48|33.0|26.0|7.0|33.0|0.0|29.0|25.0|4.0|79.1|~|4.0|2.44|4|7.17|8.00|0.000|~|-0.6067|0.6948|2026-10-04T09:27:53.427668
singapore|2026-09-19|48|34.0|27.0|7.0|33.0|1.0|29.0|23.0|6.0|70.16|~|5.0|2.00|2|7.22|9.00|0.000|~|-0.6528|0.6059|2026-10-04T09:27:53.427668
singapore|2026-09-20|49|32|27|5|34.0|-2.0|29|25|4|79.1|~|3|2.63|4|8.16|18.00|0.000|~|-0.4727|0.8209|2026-10-04T09:27:53.427668
singapore|2026-09-21|53|33.0|26.0|7.0|32|1.0|28|25|3|83.82|~|5.0|2.17|4|7.30|13.00|0.000|~|-0.6612|0.1793|2026-10-04T09:27:53.427668
singapore|2026-09-22|51|31.0|24|7.0|33.0|-2.0|29.0|25.0|4.0|79.1|~|2.0|2.00|2|7.48|16.00|0.000|~|-0.1794|0.5309|2026-10-04T09:27:53.427668
singapore|2026-09-23|50|32.0|24|8.0|31.0|1.0|28|26|2|88.94|~|4.0|2.20|4|8.10|13.00|0.000|~|-0.4478|0.7091|2026-10-04T09:27:53.427668
singapore|2026-09-24|49|32|27|5|32.0|0.0|27|24|3|83.7|~|5|2.21|4|6.68|10.00|0.000|~|-0.2015|0.8548|2026-10-04T09:27:53.427668
singapore|2026-09-25|48|32|26|6|32|0|28|25|3|83.82|~|4|2.00|2|7.17|11.00|0.000|~|-0.8137|0.4121|2026-10-04T09:27:53.427668
singapore|2026-09-26|49|34.0|28.0|6.0|32|2.0|29.0|26.0|3.0|83.93|~|5.0|2.21|4|7.79|13.00|0.000|~|-0.8384|0.2019|2026-10-04T09:27:53.427668
singapore|2026-09-27|50|30.0|24.0|6.0|34.0|-4.0|27.0|24.0|3.0|83.7|~|3.0|2.00|2|6.60|13.00|0.000|~|0.1765|0.3397|2026-10-04T09:27:53.427668
singapore|2026-09-28|48|30.0|25.0|5.0|30.0|0.0|27.0|25.0|2.0|88.86|~|3.0|2.11|4|5.61|8.00|0.000|~|0.0507|0.9410|2026-10-04T09:27:53.427668
singapore|2026-09-29|48|33.0|27.0|6.0|30.0|3.0|28.0|26.0|2.0|88.94|~|5.0|2.00|2|8.94|13.00|0.000|~|-0.9891|0.0601|2026-10-04T09:27:53.427668
singapore|2026-09-30|50|33.0|25.0|8.0|33.0|0.0|28.0|25.0|3.0|83.82|~|5.0|2.20|4|6.45|13.00|0.000|~|-0.2444|0.1600|2026-10-04T09:27:53.427668
singapore|2026-10-01|48|32.0|25.0|7.0|33.0|-1.0|27.0|25.0|2.0|88.86|~|5.0|2.00|2|7.67|12.00|0.000|~|-0.6663|-0.4583|2026-10-04T09:27:53.427668
singapore|2026-10-02|48|32.0|26.0|6.0|32.0|0.0|27.0|26.0|1.0|94.29|~|5.0|2.00|2|6.06|9.00|0.000|~|-0.2460|0.6591|2026-10-04T09:27:53.427668
singapore|2026-10-03|48|32.0|27.0|5.0|32.0|0.0|28.0|26.0|2.0|88.94|~|4.0|2.44|4|5.06|7.00|0.000|~|-0.2570|0.9147|2026-10-04T09:27:53.427668
singapore|2026-10-04|34|33.0|26.0|7.0|32.0|1.0|28.0|26.0|2.0|88.94|~|5.0|2.00|2|7.13|10.00|0.000|~|-0.1826|0.9570|2026-10-04T09:27:53.427668
tel_aviv|2026-09-02|47|33.0|26.0|7.0|32.0|1.0|29.0|22.0|7.0|66.03|~|4.0|2.00|2|8.82|12.00|0.000|~|0.6684|-0.6886|2026-10-04T02:39:42.811244
tel_aviv|2026-09-03|48|32.0|26.0|6.0|33.0|-1.0|27.0|22.0|5.0|74.17|~|5.0|2.22|4|7.44|10.00|0.000|~|0.8841|-0.2639|2026-10-04T09:27:53.427668
tel_aviv|2026-09-04|48|32.0|25.0|7.0|32.0|0.0|26.0|20.0|6.0|69.58|~|6.0|2.33|4|8.72|11.00|0.000|~|0.9054|-0.0030|2026-10-04T09:27:53.427668
tel_aviv|2026-09-05|48|32.0|25.0|7.0|32.0|0.0|26.0|21.0|5.0|74.0|~|6.0|2.22|4|8.39|13.00|0.000|~|0.8991|-0.2456|2026-10-04T09:27:53.427668
tel_aviv|2026-09-06|48|32.0|25.0|7.0|32.0|0.0|26.0|21.0|5.0|74.0|~|6.0|2.47|4|9.28|13.00|0.000|~|0.8938|-0.0906|2026-10-04T09:27:53.427668
tel_aviv|2026-09-07|48|32.0|25.0|7.0|32.0|0.0|27.0|21.0|6.0|69.77|~|5.0|2.44|6|7.72|11.00|0.000|~|0.8427|-0.1404|2026-10-04T09:27:53.427668
tel_aviv|2026-09-08|48|34.0|26.0|8.0|32.0|2.0|27.0|22.0|5.0|74.17|~|7.0|2.00|2|7.72|12.00|0.000|~|0.6210|-0.7230|2026-10-04T09:27:53.427668
tel_aviv|2026-09-09|48|34.0|24.0|10.0|34.0|0.0|25.0|16.0|9.0|57.42|~|9.0|~|~|7.44|12.00|0.000|~|0.7701|-0.5827|2026-10-04T09:27:53.427668
tel_aviv|2026-09-10|48|33.0|23.0|10.0|34.0|-1.0|25.0|13.0|12.0|47.3|~|8.0|2.00|2|8.00|11.00|0.000|~|0.7830|-0.5340|2026-10-04T09:27:53.427668
tel_aviv|2026-09-11|48|31.0|24.0|7.0|33.0|-2.0|25.0|20.0|5.0|73.83|~|6.0|2.47|4|8.11|12.00|0.000|~|0.6464|-0.7110|2026-10-04T09:27:53.427668
tel_aviv|2026-09-12|48|32.0|24.0|8.0|31.0|1.0|26.0|21.0|5.0|74.0|~|6.0|3.00|4|8.00|11.00|0.000|~|0.7893|-0.5737|2026-10-04T09:27:53.427668
tel_aviv|2026-09-13|48|32.0|25.0|7.0|32.0|0.0|26.0|21.0|5.0|74.0|~|6.0|2.18|4|7.28|12.00|0.000|~|0.8505|-0.4462|2026-10-04T09:27:53.427668
tel_aviv|2026-09-14|48|33.0|24.0|9.0|32.0|1.0|25.0|17.0|8.0|61.19|~|8.0|2.00|2|7.56|12.00|0.000|~|0.6399|-0.5406|2026-10-04T09:27:53.427668
tel_aviv|2026-09-15|48|34.0|23.0|11.0|33.0|1.0|25.0|15.0|10.0|53.86|~|9.0|2.00|2|8.72|15.00|0.000|~|0.4433|-0.8622|2026-10-04T09:27:53.427668
tel_aviv|2026-09-16|48|33.0|24.0|9.0|34.0|-1.0|26.0|20.0|6.0|69.58|~|7.0|~|~|8.50|12.00|0.000|~|0.4565|-0.8541|2026-10-04T09:27:53.427668
tel_aviv|2026-09-17|48|34.0|25.0|9.0|33.0|1.0|26.0|20.0|6.0|69.58|~|8.0|2.00|2|6.28|13.00|0.000|~|0.6483|-0.4078|2026-10-04T09:27:53.427668
tel_aviv|2026-09-18|48|30.0|26.0|4.0|34.0|-4.0|27.0|21.0|6.0|69.77|~|3.0|3.89|6|15.28|19.00|0.000|~|0.9607|0.0517|2026-10-04T09:27:53.427668
tel_aviv|2026-09-19|48|30.0|24.0|6.0|30.0|0.0|25.0|19.0|6.0|69.38|~|5.0|3.00|4|8.44|12.00|0.000|~|0.7628|-0.5735|2026-10-04T09:27:53.427668
tel_aviv|2026-09-20|30|31|22|9|30.0|1.0|25|18|7|65.17|~|6|3.67|4|6.33|13.00|0.000|~|0.8224|-0.4988|2026-10-04T09:27:53.427668
tel_aviv|2026-09-21|14|30|27.0|3.0|31|-1|~|~|~|~|~|~|2.40|4|10.00|11.00|0.000|~|0.8355|-0.5225|2026-10-04T09:27:53.427668
tel_aviv|2026-09-22|48|30|25|5|30|0|25|20|5|73.83|~|5|3.11|6|8.44|13.00|0.000|~|0.9452|-0.2419|2026-10-04T09:27:53.427668
tel_aviv|2026-09-23|48|30|24.0|6.0|30|0|25|18|7|65.17|~|5|2.89|4|8.11|10.00|0.000|~|0.8236|-0.2640|2026-10-04T09:27:53.427668
tel_aviv|2026-09-24|48|31|23|8|30|1|24|18|6|69.19|~|7|2.67|4|8.56|13.00|0.000|~|0.6400|-0.7421|2026-10-04T09:27:53.427668
tel_aviv|2026-09-25|48|30.0|24|6.0|31|-1.0|25|19|6|69.38|~|5.0|2.33|4|11.50|14.00|0.000|~|0.5537|-0.7890|2026-10-04T09:27:53.427668
tel_aviv|2026-09-26|48|29.0|22.0|7.0|30.0|-1.0|24.0|17.0|7.0|64.96|~|5.0|3.89|6|8.83|12.00|0.000|~|0.7867|-0.5621|2026-10-04T09:27:53.427668
tel_aviv|2026-09-27|48|30.0|22.0|8.0|29.0|1.0|24.0|17.0|7.0|64.96|~|6.0|3.25|4|7.78|12.00|0.000|~|0.8360|-0.0475|2026-10-04T09:27:53.427668
tel_aviv|2026-09-28|48|30.0|22.0|8.0|30.0|0.0|24.0|14.0|10.0|53.6|~|6.0|3.57|4|10.33|16.00|0.000|~|0.9285|-0.2529|2026-10-04T09:27:53.427668
tel_aviv|2026-09-29|48|29.0|23.0|6.0|30.0|-1.0|24.0|17.0|7.0|64.96|~|5.0|2.89|4|10.89|13.00|0.000|~|0.8652|0.2407|2026-10-04T09:27:53.427668
tel_aviv|2026-09-30|48|29.0|23.0|6.0|29.0|0.0|24.0|17.0|7.0|64.96|~|5.0|4.78|6|9.56|14.00|0.000|~|0.7435|-0.0996|2026-10-04T09:27:53.427668
tel_aviv|2026-10-01|47|28.0|21.0|7.0|29.0|-1.0|23.0|15.0|8.0|60.72|~|5.0|3.65|6|9.88|12.00|0.000|~|0.8903|0.0494|2026-10-04T09:27:53.427668
tel_aviv|2026-10-02|47|30.0|21.0|9.0|28.0|2.0|22.0|15.0|7.0|64.52|~|8.0|2.33|4|11.89|17.00|0.000|~|0.8411|0.2882|2026-10-04T09:27:53.427668
tel_aviv|2026-10-03|48|32.0|21.0|11.0|30.0|2.0|22.0|14.0|8.0|60.48|~|10.0|2.57|4|8.61|14.00|0.000|~|0.6214|-0.3120|2026-10-04T09:27:53.427668
tel_aviv|2026-10-04|22|30.0|20.0|10.0|32.0|-2.0|23.0|11.0|12.0|46.75|~|7.0|~|~|4.00|5.00|0.000|~|0.9526|-0.2939|2026-10-04T09:27:53.427668
tokyo|2026-09-02|48|31.0|25.0|6.0|28.0|3.0|27.0|24.0|3.0|83.7|~|4.0|2.00|2|7.39|12.00|0.000|~|-0.0503|0.8393|2026-10-04T02:39:42.989539
tokyo|2026-09-03|48|31.0|26.0|5.0|31.0|0.0|28.0|25.0|3.0|83.82|~|3.0|2.00|2|12.22|19.00|0.000|~|0.2141|0.4442|2026-10-04T09:27:53.427668
tokyo|2026-09-04|48|27.0|22.0|5.0|31.0|-4.0|25.0|22.0|3.0|83.47|~|2.0|2.00|2|7.06|11.00|0.000|~|-0.4440|-0.8159|2026-10-04T09:27:53.427668
tokyo|2026-09-05|48|25.0|21.0|4.0|27.0|-2.0|21.0|20.0|1.0|94.02|~|4.0|2.00|2|6.33|11.00|0.000|~|-0.4987|-0.7062|2026-10-04T09:27:53.427668
tokyo|2026-09-06|48|23.0|21.0|2.0|25.0|-2.0|21.0|20.0|1.0|94.02|~|2.0|2.00|2|14.67|18.00|0.000|~|-0.0632|-0.9694|2026-10-04T09:27:53.427668
tokyo|2026-09-07|48|24.0|22.0|2.0|23.0|1.0|22.0|22.0|0.0|100.0|~|2.0|2.11|4|4.33|10.00|0.000|~|-0.0531|0.1847|2026-10-04T09:27:53.427668
tokyo|2026-09-08|48|29.0|23.0|6.0|24.0|5.0|24.0|23.0|1.0|94.16|~|5.0|2.33|4|6.44|14.00|0.000|~|-0.2153|0.6085|2026-10-04T09:27:53.427668
tokyo|2026-09-09|48|31.0|21.0|10.0|29.0|2.0|29.0|27.0|2.0|89.02|~|2.0|2.11|4|18.33|24.00|0.000|~|0.2529|0.5683|2026-10-04T09:27:53.427668
tokyo|2026-09-10|48|22.0|19.0|3.0|31.0|-9.0|19.0|18.0|1.0|93.93|~|3.0|2.00|2|8.83|14.00|0.000|~|-0.3329|-0.9274|2026-10-04T09:27:53.427668
tokyo|2026-09-11|48|21.0|19.0|2.0|22.0|-1.0|19.0|18.0|1.0|93.93|~|2.0|2.00|2|6.44|9.00|0.000|~|-0.3252|-0.9169|2026-10-04T09:27:53.427668
tokyo|2026-09-12|48|23.0|20.0|3.0|21.0|2.0|21.0|20.0|1.0|94.02|~|2.0|2.00|2|7.61|11.00|0.000|~|-0.5172|-0.7431|2026-10-04T09:27:53.427668
tokyo|2026-09-13|48|25.0|20.0|5.0|23.0|2.0|21.0|20.0|1.0|94.02|~|4.0|2.00|2|4.00|5.00|0.000|~|-0.8111|-0.2512|2026-10-04T09:27:53.427668
tokyo|2026-09-14|48|31.0|24.0|7.0|25.0|6.0|28.0|24.0|4.0|78.96|~|3.0|2.00|2|16.00|20.00|0.000|~|0.1708|0.9724|2026-10-04T09:27:53.427668
tokyo|2026-09-15|48|28.0|23.0|5.0|31.0|-3.0|25.0|23.0|2.0|88.7|~|3.0|2.33|4|9.06|11.00|0.000|~|-0.0476|0.9878|2026-10-04T09:27:53.427668
tokyo|2026-09-16|48|23.0|21.0|2.0|28.0|-5.0|22.0|21.0|1.0|94.07|~|1.0|2.00|2|12.72|16.00|0.000|~|-0.6141|-0.7798|2026-10-04T09:27:53.427668
tokyo|2026-09-17|48|24.0|20.0|4.0|23.0|1.0|21.0|18.0|3.0|83.0|~|3.0|2.67|6|15.11|18.00|0.000|~|-0.6229|-0.7365|2026-10-04T09:27:53.427668
tokyo|2026-09-18|48|25.0|22.0|3.0|24.0|1.0|23.0|17.0|6.0|68.99|~|2.0|2.44|6|14.11|17.00|0.000|~|-0.3745|-0.8886|2026-10-04T09:27:53.427668
tokyo|2026-09-19|48|24.0|21.0|3.0|25.0|-1.0|23.0|18.0|5.0|73.48|~|1.0|2.67|6|9.50|14.00|0.000|~|0.0190|-0.9898|2026-10-04T09:27:53.427668
tokyo|2026-09-20|48|23.0|22.0|1.0|24.0|-1.0|23.0|22.0|1.0|94.11|~|0.0|2.00|2|12.17|16.00|0.000|~|-0.4185|-0.8759|2026-10-04T09:27:53.427668
tokyo|2026-09-21|48|26.0|22.0|4.0|23.0|3.0|22.0|21.0|1.0|94.07|~|4.0|2.00|2|19.28|29.00|0.000|~|-0.1891|-0.9251|2026-10-04T09:27:53.427668
tokyo|2026-09-22|48|30.0|23.0|7.0|26.0|4.0|29.0|19.0|10.0|54.88|~|1.0|2.00|2|9.56|14.00|0.000|~|-0.4042|-0.3568|2026-10-04T09:27:53.427668
tokyo|2026-09-23|48|24.0|20|4.0|30.0|-6.0|23|17|6|68.99|~|1.0|2.00|2|8.89|13.00|0.000|~|-0.0570|-0.9838|2026-10-04T09:27:53.427668
tokyo|2026-09-24|48|27|20|7|24.0|3.0|21|20|1|94.02|~|6|2.00|2|6.17|8.00|0.000|~|-0.3734|0.7394|2026-10-04T09:27:53.427668
tokyo|2026-09-25|48|27|23.0|4.0|27|0|23|20|3|83.24|~|4|2.22|4|5.28|9.00|0.000|~|-0.7624|0.0360|2026-10-04T09:27:53.427668
tokyo|2026-09-26|48|23.0|19.0|4.0|27|-4.0|21.0|19.0|2.0|88.36|~|2.0|2.56|6|12.11|14.00|0.000|~|-0.3369|-0.9273|2026-10-04T09:27:53.427668
tokyo|2026-09-27|48|24.0|19.0|5.0|23.0|1.0|20.0|18.0|2.0|88.28|~|4.0|2.00|2|3.61|7.00|0.000|~|-0.2694|-0.7709|2026-10-04T09:27:53.427668
tokyo|2026-09-28|48|26.0|22.0|4.0|24.0|2.0|23.0|22.0|1.0|94.11|~|3.0|2.00|2|10.11|16.00|0.000|~|0.3636|0.8881|2026-10-04T09:27:53.427668
tokyo|2026-09-29|48|23.0|18.0|5.0|26.0|-3.0|21.0|20.0|1.0|94.02|~|2.0|2.00|2|4.22|7.00|0.000|~|-0.5473|0.5084|2026-10-04T09:27:53.427668
tokyo|2026-09-30|48|20.0|18.0|2.0|23.0|-3.0|19.0|18.0|1.0|93.93|~|1.0|2.00|2|10.00|12.00|0.000|~|-0.4416|-0.8578|2026-10-04T09:27:53.427668
tokyo|2026-10-01|48|27.0|18.0|9.0|20.0|7.0|21.0|19.0|2.0|88.36|~|6.0|2.00|2|7.17|11.00|0.000|~|-0.3523|-0.1552|2026-10-04T09:27:53.427668
tokyo|2026-10-02|48|23.0|19.0|4.0|27.0|-4.0|22.0|19.0|3.0|83.12|~|1.0|2.44|6|11.33|16.00|0.000|~|-0.6917|-0.6664|2026-10-04T09:27:53.427668
tokyo|2026-10-03|48|22.0|19.0|3.0|23.0|-1.0|19.0|14.0|5.0|72.76|~|3.0|2.00|2|8.72|13.00|0.000|~|-0.9294|-0.0179|2026-10-04T09:27:53.427668
tokyo|2026-10-04|35|22.0|19.0|3.0|22.0|0.0|19.0|15.0|4.0|77.62|~|3.0|2.00|2|10.71|12.00|0.000|~|-0.5707|-0.8015|2026-10-04T09:27:53.427668
toronto|2026-09-02|60|28.0|20.0|8.0|27.0|1.0|21.0|20.0|1.0|94.02|~|7.0|4.89|8|10.56|37.00|0.000|~|-0.1216|-0.2442|2026-10-04T09:27:53.427668
toronto|2026-09-03|24|29.0|19.0|10.0|28.0|1.0|21.0|19.0|2.0|88.36|~|8.0|2.89|4|6.67|11.00|0.000|~|0.8076|-0.0160|2026-10-04T09:27:53.427668
toronto|2026-09-04|24|25.0|17.0|8.0|29.0|-4.0|19.0|14.0|5.0|72.76|~|6.0|2.89|6|6.11|10.00|0.000|~|0.6538|-0.4166|2026-10-04T09:27:53.427668
toronto|2026-09-05|24|24.0|16.0|8.0|25.0|-1.0|18.0|16.0|2.0|88.1|~|6.0|4.67|6|7.89|12.00|0.000|~|-0.1003|-0.5621|2026-10-04T09:27:53.427668
toronto|2026-09-06|24|22.0|16.0|6.0|24.0|-2.0|17.0|14.0|3.0|82.51|~|5.0|4.89|6|6.78|10.00|0.000|~|-0.5903|0.4420|2026-10-04T09:27:53.427668
toronto|2026-09-07|24|25.0|15.0|10.0|22.0|3.0|16.0|14.0|2.0|87.93|~|9.0|4.00|6|4.78|6.00|0.000|~|0.2467|-0.5033|2026-10-04T09:27:53.427668
toronto|2026-09-08|24|25.0|16.0|9.0|25.0|0.0|18.0|13.0|5.0|72.58|~|7.0|2.89|6|5.44|10.00|0.000|~|-0.3508|0.7363|2026-10-04T09:27:53.427668
toronto|2026-09-09|27|24.0|21.0|3.0|25.0|-1.0|21.0|18.0|3.0|83.0|~|3.0|3.33|6|8.08|17.00|0.000|~|0.6006|0.7585|2026-10-04T09:27:53.427668
toronto|2026-09-10|27|25.0|16.0|9.0|24.0|1.0|18.0|13.0|5.0|72.58|~|7.0|3.33|6|15.89|21.00|0.000|~|0.8412|-0.5207|2026-10-04T09:27:53.427668
toronto|2026-09-11|24|23.0|12.0|11.0|25.0|-2.0|15.0|11.0|4.0|76.99|~|8.0|1.33|2|5.67|11.00|0.000|~|0.0457|-0.2289|2026-10-04T09:27:53.427668
toronto|2026-09-12|25|25.0|13.0|12.0|23.0|2.0|15.0|12.0|3.0|82.26|~|10.0|2.44|4|6.11|9.00|0.000|~|-0.5023|0.8438|2026-10-04T09:27:53.427668
toronto|2026-09-13|27|28.0|17.0|11.0|25.0|3.0|21.0|20.0|1.0|94.02|~|7.0|4.18|8|9.27|16.00|0.000|~|0.6764|-0.5186|2026-10-04T09:27:53.427668
toronto|2026-09-14|24|19.0|12.0|7.0|28.0|-9.0|13.0|9.0|4.0|76.67|~|6.0|4.00|6|6.78|9.00|0.000|~|0.2728|-0.4306|2026-10-04T09:27:53.427668
toronto|2026-09-15|29|23.0|14.0|9.0|19.0|4.0|17.0|13.0|4.0|77.31|~|6.0|4.55|8|8.82|13.00|0.000|~|-0.2007|0.9423|2026-10-04T09:27:53.427668
toronto|2026-09-16|24|25.0|17.0|8.0|23.0|2.0|19.0|17.0|2.0|88.19|~|6.0|2.00|2|8.11|10.00|0.000|~|-0.0572|-0.9652|2026-10-04T09:27:53.427668
toronto|2026-09-17|29|24.0|16.0|8.0|25.0|-1.0|17.0|14.0|3.0|82.51|~|7.0|3.27|8|4.91|14.00|0.000|~|0.0635|-0.9661|2026-10-04T09:27:53.427668
toronto|2026-09-18|24|21.0|14.0|7.0|24.0|-3.0|16.0|12.0|4.0|77.15|~|5.0|3.11|6|10.44|14.00|0.000|~|-0.0779|-0.9462|2026-10-04T09:27:53.427668
toronto|2026-09-19|24|18.0|11.0|7.0|21.0|-3.0|11.0|6.0|5.0|71.26|~|7.0|2.89|6|8.00|11.00|0.000|~|-0.9486|0.1201|2026-10-04T09:27:53.427668
toronto|2026-09-20|24|21|13|8|18.0|3.0|13|8|5|71.65|1016.1|8|3.33|6|9.78|13.00|0.000|~|-0.0744|-0.9756|2026-10-04T09:27:53.427668
toronto|2026-09-21|24|15|10|5|21|-6|10|6|4|76.17|1024.2|5|2.00|2|6.89|9.00|0.000|8.10|-0.8133|-0.3055|2026-10-04T09:27:53.427668
toronto|2026-09-22|24|17|8|9|15|2|9|4|5|70.87|1028.1|8|2.00|2|10.00|12.00|0.000|3.90|-0.9632|-0.0972|2026-10-04T09:27:53.427668
toronto|2026-09-23|24|18|10|8|17|1|11|8|3|81.74|1033.5|7|3.56|6|12.89|19.00|0.000|5.40|-0.9737|-0.1313|2026-10-04T09:27:53.427668
toronto|2026-09-24|24|19|10|9|18|1|12|9|3|81.87|1033.4|7|2.00|2|9.67|11.00|0.000|-0.10|-0.9567|-0.0318|2026-10-04T09:27:53.427668
toronto|2026-09-25|24|21.0|8.0|13.0|19|2.0|10.0|6.0|4.0|76.17|1028.6|11.0|3.56|4|8.67|11.00|0.000|-4.80|-0.0929|-0.8264|2026-10-04T09:27:53.427668
toronto|2026-09-26|24|23.0|11.0|12.0|21.0|2.0|12.0|8.0|4.0|76.51|1022.9|11.0|5.33|6|7.89|12.00|0.000|-5.70|0.0447|-0.9020|2026-10-04T09:27:53.427668
toronto|2026-09-27|25|24.0|12.0|12.0|23.0|1.0|13.0|9.0|4.0|76.67|1017.3|11.0|2.89|4|13.11|19.00|0.000|-5.60|-0.0538|-0.9827|2026-10-04T09:27:53.427668
toronto|2026-09-28|24|21.0|15.0|6.0|24.0|-3.0|16.0|11.0|5.0|72.21|1015.6|5.0|5.56|8|6.00|7.00|0.000|-1.70|-0.1718|-0.4410|2026-10-04T09:27:53.427668
toronto|2026-09-29|24|22.0|17.0|5.0|21.0|1.0|17.0|13.0|4.0|77.31|1017.8|5.0|6.89|8|3.78|6.00|0.000|2.20|-0.4666|0.8240|2026-10-04T09:27:53.427668
toronto|2026-09-30|31|24.0|14.0|10.0|22.0|2.0|16.0|14.0|2.0|87.93|1017.2|8.0|2.60|4|6.90|13.00|0.000|-0.60|0.0314|0.8482|2026-10-04T09:27:53.427668
toronto|2026-10-01|36|23.0|17.0|6.0|24.0|-1.0|19.0|17.0|2.0|88.19|1013.1|4.0|2.55|6|9.27|12.00|0.000|-4.10|0.6712|0.6776|2026-10-04T09:27:53.427668
toronto|2026-10-02|29|19.0|11.0|8.0|23.0|-4.0|12.0|9.0|3.0|81.87|1014.1|7.0|3.33|6|11.56|16.00|0.000|1.00|0.7118|-0.6342|2026-10-04T09:27:53.427668
toronto|2026-10-03|24|16.0|8.0|8.0|19.0|-3.0|9.0|7.0|2.0|87.28|1028.0|7.0|3.11|6|8.44|12.00|0.000|13.90|-0.7260|0.4795|2026-10-04T09:27:53.427668
toronto|2026-10-04|5|13.0|12.0|1.0|16.0|-3.0|~|~|~|~|~|~|~|~|~|~|0.000|~|~|~|2026-10-04T09:27:53.427668
warsaw|2026-09-02|48|22.0|13.0|9.0|21.0|1.0|17.0|14.0|3.0|82.51|~|5.0|3.64|4|10.61|15.00|0.000|~|0.9792|0.0333|2026-10-04T02:39:43.359598
warsaw|2026-09-03|48|23.0|12.0|11.0|22.0|1.0|16.0|13.0|3.0|82.38|~|7.0|2.75|4|7.78|10.00|0.000|~|0.9724|0.1397|2026-10-04T09:27:53.427668
warsaw|2026-09-04|48|22.0|15.0|7.0|23.0|-1.0|17.0|15.0|2.0|88.01|~|5.0|4.12|6|11.17|15.00|0.000|~|0.8454|0.4825|2026-10-04T09:27:53.427668
warsaw|2026-09-05|48|21.0|14.0|7.0|22.0|-1.0|16.0|12.0|4.0|77.15|~|5.0|3.25|6|19.11|22.00|0.000|~|0.9940|0.0505|2026-10-04T09:27:53.427668
warsaw|2026-09-06|48|18.0|13.0|5.0|21.0|-3.0|14.0|10.0|4.0|76.83|~|4.0|3.78|6|17.56|22.00|0.000|~|0.9842|-0.1429|2026-10-04T09:27:53.427668
warsaw|2026-09-07|48|21.0|8.0|13.0|18.0|3.0|12.0|10.0|2.0|87.56|~|9.0|2.50|4|4.44|7.00|0.000|~|0.8095|0.2134|2026-10-04T09:27:53.427668
warsaw|2026-09-08|48|27.0|12.0|15.0|21.0|6.0|16.0|11.0|5.0|72.21|~|11.0|~|~|6.61|8.00|0.000|~|-0.0256|0.9123|2026-10-04T09:27:53.427668
warsaw|2026-09-09|48|30.0|15.0|15.0|27.0|3.0|20.0|14.0|6.0|68.38|~|10.0|~|~|9.00|14.00|0.000|~|0.7093|0.3614|2026-10-04T09:27:53.427668
warsaw|2026-09-10|48|20.0|11.0|9.0|30.0|-10.0|14.0|13.0|1.0|93.7|~|6.0|3.33|6|11.00|15.00|0.000|~|0.9200|0.2607|2026-10-04T09:27:53.427668
warsaw|2026-09-11|48|17.0|7.0|10.0|20.0|-3.0|11.0|8.0|3.0|81.74|~|6.0|2.00|2|2.67|5.00|0.000|~|0.8104|-0.2478|2026-10-04T09:27:53.427668
warsaw|2026-09-12|48|19.0|9.0|10.0|17.0|2.0|12.0|11.0|1.0|93.6|~|7.0|3.43|4|7.33|10.00|0.000|~|0.8062|-0.5286|2026-10-04T09:27:53.427668
warsaw|2026-09-13|48|20.0|6.0|14.0|19.0|1.0|11.0|9.0|2.0|87.47|~|9.0|2.00|2|6.44|10.00|0.000|~|0.3408|0.9207|2026-10-04T09:27:53.427668
warsaw|2026-09-14|48|19.0|14.0|5.0|20.0|-1.0|14.0|14.0|0.0|100.0|~|5.0|5.11|8|3.67|6.00|0.000|~|0.7916|0.0436|2026-10-04T09:27:53.427668
warsaw|2026-09-15|48|20.0|12.0|8.0|19.0|1.0|14.0|14.0|0.0|100.0|~|6.0|5.56|8|3.67|6.00|0.000|~|0.9021|0.1662|2026-10-04T09:27:53.427668
warsaw|2026-09-16|48|24.0|10.0|14.0|20.0|4.0|13.0|13.0|0.0|100.0|~|11.0|~|~|8.39|11.00|0.000|~|0.0182|0.9704|2026-10-04T09:27:53.427668
warsaw|2026-09-17|48|18.0|11.0|7.0|24.0|-6.0|13.0|12.0|1.0|93.65|~|5.0|4.11|6|8.39|11.00|0.000|~|0.9718|0.1883|2026-10-04T09:27:53.427668
warsaw|2026-09-18|48|21.0|8.0|13.0|18.0|3.0|11.0|10.0|1.0|93.55|~|10.0|2.67|4|7.56|10.00|0.000|~|0.1360|0.8895|2026-10-04T09:27:53.427668
warsaw|2026-09-19|48|22.0|8.0|14.0|21.0|1.0|13.0|12.0|1.0|93.65|~|9.0|3.25|4|8.28|12.00|0.000|~|0.8406|0.4742|2026-10-04T09:27:53.427668
warsaw|2026-09-20|48|22|13.0|9.0|22.0|0.0|16|11|5|72.21|~|6|3.00|4|8.78|12.00|0.000|~|0.7837|0.6019|2026-10-04T09:27:53.427668
warsaw|2026-09-21|48|14.0|10.0|4.0|22|-8.0|12|10|2|87.56|~|2.0|3.89|6|12.39|17.00|0.000|~|0.9586|-0.2037|2026-10-04T09:27:53.427668
warsaw|2026-09-22|48|17|9.0|8.0|14.0|3.0|11|9|2|87.47|~|6|4.44|6|11.50|16.00|0.000|~|0.5264|-0.7796|2026-10-04T09:27:53.427668
warsaw|2026-09-23|48|15|9|6|17|-2|12|10|2|87.56|~|3|3.41|6|11.78|14.00|0.000|~|0.7761|-0.6017|2026-10-04T09:27:53.427668
warsaw|2026-09-24|48|14|6|8|15|-1|9|8|1|93.45|~|5|3.29|6|6.72|10.00|0.000|~|0.9530|0.2134|2026-10-04T09:27:53.427668
warsaw|2026-09-25|48|16.0|11|5.0|14|2.0|13|12|1|93.65|~|3.0|3.78|6|8.44|12.00|0.000|~|0.9855|0.0862|2026-10-04T09:27:53.427668
warsaw|2026-09-26|48|16.0|10.0|6.0|16.0|0.0|12.0|11.0|1.0|93.6|~|4.0|4.78|6|4.56|7.00|0.000|~|0.5129|0.6636|2026-10-04T09:27:53.427668
warsaw|2026-09-27|48|20.0|7.0|13.0|16.0|4.0|9.0|9.0|0.0|100.0|~|11.0|2.00|2|4.33|7.00|0.000|~|-0.9208|0.1961|2026-10-04T09:27:53.427668
warsaw|2026-09-28|48|21.0|8.0|13.0|20.0|1.0|11.0|9.0|2.0|87.47|~|10.0|2.00|2|6.44|10.00|0.000|~|-0.6745|0.6994|2026-10-04T09:27:53.427668
warsaw|2026-09-29|48|21.0|9.0|12.0|21.0|0.0|11.0|9.0|2.0|87.47|~|10.0|2.00|2|8.28|12.00|0.000|~|-0.6293|0.7187|2026-10-04T09:27:53.427668
warsaw|2026-09-30|48|21.0|9.0|12.0|21.0|0.0|12.0|8.0|4.0|76.51|~|9.0|~|~|11.11|16.00|0.000|~|-0.8238|0.5416|2026-10-04T09:27:53.427668
warsaw|2026-10-01|48|21.0|10.0|11.0|21.0|0.0|12.0|7.0|5.0|71.45|~|9.0|~|~|11.61|17.00|0.000|~|-0.8849|0.4442|2026-10-04T09:27:53.427668
warsaw|2026-10-02|48|21.0|7.0|14.0|21.0|0.0|10.0|6.0|4.0|76.17|~|11.0|~|~|10.28|14.00|0.000|~|-0.6440|0.7572|2026-10-04T09:27:53.427668
warsaw|2026-10-03|48|22.0|4.0|18.0|21.0|1.0|7.0|5.0|2.0|87.08|~|15.0|~|~|4.83|7.00|0.000|~|-0.3538|0.8744|2026-10-04T09:27:53.427668
warsaw|2026-10-04|21|15.0|7.0|8.0|22.0|-7.0|9.0|9.0|0.0|100.0|~|6.0|0.00|0|2.33|3.00|0.000|~|~|~|2026-10-04T09:27:53.427668
wellington|2026-09-02|48|15.0|10.0|5.0|14.0|1.0|14.0|7.0|7.0|62.7|~|1.0|0.22|2|18.33|24.00|0.000|~|0.0063|-0.9838|2026-10-04T02:39:43.543996
wellington|2026-09-03|48|17.0|13.0|4.0|15.0|2.0|14.0|11.0|3.0|82.13|~|3.0|2.56|6|18.39|22.00|0.000|~|0.2741|-0.9452|2026-10-04T09:27:53.427668
wellington|2026-09-04|48|18.0|13.0|5.0|17.0|1.0|15.0|12.0|3.0|82.26|~|3.0|1.89|8|19.56|33.00|0.000|~|0.4576|-0.8786|2026-10-04T09:27:53.427668
wellington|2026-09-05|48|15.0|11.0|4.0|18.0|-3.0|13.0|6.0|7.0|62.46|~|2.0|0.56|4|16.72|24.00|0.000|~|0.3632|-0.9030|2026-10-04T09:27:53.427668
wellington|2026-09-06|48|15.0|11.0|4.0|15.0|0.0|14.0|10.0|4.0|76.83|~|1.0|6.11|8|23.39|27.00|0.000|~|0.2488|-0.9647|2026-10-04T09:27:53.427668
wellington|2026-09-07|48|10.0|8.0|2.0|15.0|-5.0|8.0|6.0|2.0|87.18|~|2.0|2.78|6|14.94|23.00|0.000|~|-0.5263|0.8446|2026-10-04T09:27:53.427668
wellington|2026-09-08|48|13.0|4.0|9.0|10.0|3.0|7.0|6.0|1.0|93.35|~|6.0|1.00|6|6.06|10.00|0.000|~|0.3127|0.3641|2026-10-04T09:27:53.427668
wellington|2026-09-09|48|14.0|5.0|9.0|13.0|1.0|8.0|5.0|3.0|81.33|~|6.0|0.56|6|11.67|18.00|0.000|~|0.0975|-0.9853|2026-10-04T09:27:53.427668
wellington|2026-09-10|48|13.0|9.0|4.0|14.0|-1.0|13.0|7.0|6.0|66.91|~|0.0|4.67|6|16.78|25.00|0.000|~|0.2132|0.6166|2026-10-04T09:27:53.427668
wellington|2026-09-11|48|14.0|5.0|9.0|13.0|1.0|8.0|4.0|4.0|75.84|~|6.0|1.11|6|17.61|20.00|0.000|~|0.0414|-0.9777|2026-10-04T09:27:53.427668
wellington|2026-09-12|48|14.0|6.0|8.0|14.0|0.0|9.0|7.0|2.0|87.28|~|5.0|0.67|4|6.22|12.00|0.000|~|-0.0236|0.5422|2026-10-04T09:27:53.427668
wellington|2026-09-13|48|16.0|7.0|9.0|14.0|2.0|11.0|6.0|5.0|71.26|~|5.0|1.56|8|11.00|17.00|0.000|~|-0.2800|0.7536|2026-10-04T09:27:53.427668
wellington|2026-09-14|48|16.0|8.0|8.0|16.0|0.0|10.0|7.0|3.0|81.6|~|6.0|2.44|6|5.94|8.00|0.000|~|-0.0211|-0.4006|2026-10-04T09:27:53.427668
wellington|2026-09-15|48|15.0|10.0|5.0|16.0|-1.0|12.0|9.0|3.0|81.87|~|3.0|5.44|8|19.39|24.00|0.000|~|-0.1219|-0.9864|2026-10-04T09:27:53.427668
wellington|2026-09-16|48|15.0|12.0|3.0|15.0|0.0|13.0|7.0|6.0|66.91|~|2.0|4.78|6|23.33|27.00|0.000|~|0.1769|-0.9728|2026-10-04T09:27:53.427668
wellington|2026-09-17|48|15.0|9.0|6.0|15.0|0.0|12.0|10.0|2.0|87.56|~|3.0|4.22|8|17.50|21.00|0.000|~|-0.0256|-0.3748|2026-10-04T09:27:53.427668
wellington|2026-09-18|48|14.0|8.0|6.0|15.0|-1.0|10.0|9.0|1.0|93.5|~|4.0|1.44|6|11.78|15.00|0.000|~|-0.0598|-0.9932|2026-10-04T09:27:53.427668
wellington|2026-09-19|48|15.0|8.0|7.0|14.0|1.0|12.0|9.0|3.0|81.87|~|3.0|1.56|6|18.44|21.00|0.000|~|-0.0182|-0.9669|2026-10-04T09:27:53.427668
wellington|2026-09-20|48|15.0|9.0|6.0|15.0|0.0|11.0|6.0|5.0|71.26|~|4.0|1.56|6|11.11|15.00|0.000|~|0.1539|0.9732|2026-10-04T09:27:53.427668
wellington|2026-09-21|48|15.0|7.0|8.0|15.0|0.0|12|7|5|71.45|~|3.0|3.89|8|24.83|28.00|0.000|~|-0.2100|-0.9716|2026-10-04T09:27:53.427668
wellington|2026-09-22|48|14|8|6|15.0|-1.0|11|9|2|87.47|~|3|3.00|6|13.67|22.00|0.000|~|-0.0994|0.9674|2026-10-04T09:27:53.427668
wellington|2026-09-23|48|11|8|3|14|-3|9|5|4|76.01|~|2|3.00|6|20.22|24.00|0.000|~|0.1997|0.9663|2026-10-04T09:27:53.427668
wellington|2026-09-24|48|13|5|8|11|2|8|4|4|75.84|~|5|0.22|4|11.11|15.00|0.000|~|0.0667|-0.9488|2026-10-04T09:27:53.427668
wellington|2026-09-25|48|15|7|8|13|2|11|7|4|76.34|~|4|3.67|6|13.72|17.00|0.000|~|-0.0794|-0.9870|2026-10-04T09:27:53.427668
wellington|2026-09-26|48|15.0|9.0|6.0|15|0.0|11.0|8.0|3.0|81.74|~|4.0|2.11|8|18.78|23.00|0.000|~|-0.0107|-0.9929|2026-10-04T09:27:53.427668
wellington|2026-09-27|46|16.0|6.0|10.0|15.0|1.0|15.0|13.0|2.0|87.84|~|1.0|5.44|8|24.28|32.00|0.000|~|0.3483|0.1685|2026-10-04T09:27:53.427668
wellington|2026-09-28|48|15.0|5.0|10.0|16.0|-1.0|9.0|4.0|5.0|70.87|~|6.0|0.00|0|12.33|15.00|0.000|~|0.1701|-0.9397|2026-10-04T09:27:53.427668
wellington|2026-09-29|48|18.0|7.0|11.0|15.0|3.0|9.0|6.0|3.0|81.47|~|9.0|0.11|2|6.83|11.00|0.000|~|0.1557|-0.5591|2026-10-04T09:27:53.427668
wellington|2026-09-30|48|16.0|10.0|6.0|18.0|-2.0|12.0|9.0|3.0|81.87|~|4.0|3.67|8|6.67|10.00|0.000|~|0.1610|0.1695|2026-10-04T09:27:53.427668
wellington|2026-10-01|48|15.0|12.0|3.0|16.0|-1.0|12.0|7.0|5.0|71.45|~|3.0|7.00|8|23.33|26.00|0.000|~|-0.1047|-0.9866|2026-10-04T09:27:53.427668
wellington|2026-10-02|48|15.0|13.0|2.0|15.0|0.0|13.0|8.0|5.0|71.65|~|2.0|7.00|8|27.33|33.00|0.000|~|-0.0162|-0.9935|2026-10-04T09:27:53.427668
wellington|2026-10-03|48|13.0|9.0|4.0|15.0|-2.0|10.0|9.0|1.0|93.5|~|3.0|4.33|8|18.61|21.00|0.000|~|-0.3039|0.9456|2026-10-04T09:27:53.427668
wellington|2026-10-04|43|13.0|9.0|4.0|13.0|0.0|10.0|3.0|7.0|61.75|~|3.0|1.22|8|12.56|14.00|0.000|~|-0.2132|0.9624|2026-10-04T09:27:53.427668
wuhan|2026-09-02|24|32.0|24.0|8.0|28.0|4.0|25.0|17.0|8.0|61.19|~|7.0|~|~|10.15|13.61|0.000|~|-0.3606|-0.9260|2026-10-04T02:39:43.729671
wuhan|2026-09-03|24|27.0|23.0|4.0|32.0|-5.0|24.0|18.0|6.0|69.19|~|3.0|0.00|0|8.43|9.72|0.000|~|-0.2551|-0.9598|2026-10-04T09:27:53.427668
wuhan|2026-09-04|24|31.0|24.0|7.0|27.0|4.0|24.0|18.0|6.0|69.19|~|7.0|~|~|8.21|9.72|0.000|~|-0.3052|-0.9454|2026-10-04T09:27:53.427668
wuhan|2026-09-05|24|31.0|22.0|9.0|31.0|0.0|23.0|19.0|4.0|78.23|~|8.0|~|~|4.75|5.83|0.000|~|-0.1736|0.1314|2026-10-04T09:27:53.427668
wuhan|2026-09-06|24|32.0|19.0|13.0|31.0|1.0|24.0|19.0|5.0|73.66|~|8.0|~|~|4.32|5.83|0.000|~|0.4085|0.0334|2026-10-04T09:27:53.427668
wuhan|2026-09-07|24|33.0|21.0|12.0|32.0|1.0|26.0|18.0|8.0|61.42|~|7.0|3.50|4|3.24|5.83|0.000|~|0.0614|-0.1103|2026-10-04T09:27:53.427668
wuhan|2026-09-08|24|35.0|23.0|12.0|33.0|2.0|28.0|21.0|7.0|65.82|~|7.0|3.50|4|4.32|5.83|0.000|~|-0.6664|-0.2012|2026-10-04T09:27:53.427668
wuhan|2026-09-09|24|24.0|20.0|4.0|35.0|-11.0|21.0|17.0|4.0|77.93|~|3.0|~|~|7.56|9.72|0.000|~|-0.2723|-0.9485|2026-10-04T09:27:53.427668
wuhan|2026-09-10|24|25.0|19.0|6.0|24.0|1.0|19.0|13.0|6.0|68.18|~|6.0|~|~|6.26|7.78|0.000|~|-0.1395|-0.9831|2026-10-04T09:27:53.427668
wuhan|2026-09-11|24|28.0|17.0|11.0|25.0|3.0|20.0|13.0|7.0|64.07|~|8.0|~|~|3.67|5.83|0.000|~|0.2290|-0.1269|2026-10-04T09:27:53.427668
wuhan|2026-09-12|24|31.0|18.0|13.0|28.0|3.0|24.0|15.0|9.0|57.17|~|7.0|~|~|3.67|3.89|0.000|~|0.4162|0.1990|2026-10-04T09:27:53.427668
wuhan|2026-09-13|24|32.0|19.0|13.0|31.0|1.0|24.0|18.0|6.0|69.19|~|8.0|~|~|3.67|3.89|0.000|~|0.9681|0.0197|2026-10-04T09:27:53.427668
wuhan|2026-09-14|24|33.0|20.0|13.0|32.0|1.0|25.0|19.0|6.0|69.38|~|8.0|3.33|4|6.05|7.78|0.000|~|-0.5499|-0.7365|2026-10-04T09:27:53.427668
wuhan|2026-09-15|24|29.0|23.0|6.0|33.0|-4.0|25.0|13.0|12.0|47.3|~|4.0|~|~|4.75|5.83|0.000|~|-0.9381|-0.1632|2026-10-04T09:27:53.427668
wuhan|2026-09-16|24|27.0|21.0|6.0|29.0|-2.0|24.0|17.0|7.0|64.96|~|3.0|0.00|0|6.48|9.72|0.000|~|-0.6153|-0.7051|2026-10-04T09:27:53.427668
wuhan|2026-09-17|24|21.0|18.0|3.0|27.0|-6.0|19.0|19.0|0.0|100.0|~|2.0|3.33|4|6.48|7.78|0.000|~|-0.6676|-0.6602|2026-10-04T09:27:53.427668
wuhan|2026-09-18|24|24.0|19.0|5.0|21.0|3.0|19.0|19.0|0.0|100.0|~|5.0|4.00|4|2.59|3.89|0.000|~|-0.2755|-0.9056|2026-10-04T09:27:53.427668
wuhan|2026-09-19|24|28.0|20.0|8.0|24.0|4.0|21.0|21.0|0.0|100.0|~|7.0|3.00|6|2.81|3.89|0.000|~|0.9547|0.1701|2026-10-04T09:27:53.427668
wuhan|2026-09-20|24|27.0|23.0|4.0|28.0|-1.0|24.0|23.0|1.0|94.16|~|3.0|5.50|8|2.81|3.89|0.000|~|~|~|2026-10-04T09:27:53.427668
wuhan|2026-09-21|24|25.0|21.0|4.0|27.0|-2.0|23.0|23.0|0.0|100.0|~|2.0|3.11|8|3.24|3.89|0.000|~|0.5826|-0.6721|2026-10-04T09:27:53.427668
wuhan|2026-09-22|24|24|20.0|4.0|25.0|-1.0|21.0|21.0|0.0|100.0|~|3.0|4.00|4|1.94|3.89|0.000|~|~|~|2026-10-04T09:27:53.427668
wuhan|2026-09-23|24|25|22|3|24|1|23|23|0|100|~|2|2.22|4|1.94|3.89|0.000|~|0.8819|0.4421|2026-10-04T09:27:53.427668
wuhan|2026-09-24|24|30|21|9|25|5|23|23|0|100|~|7|2.50|6|3.02|3.89|0.000|~|-0.4184|0.2917|2026-10-04T09:27:53.427668
wuhan|2026-09-25|24|33|23.0|10.0|30|3|28|25|3|83.82|~|5|2.00|6|4.54|5.83|0.000|~|0.3598|0.8057|2026-10-04T09:27:53.427668
wuhan|2026-09-26|24|25.0|21.0|4.0|33|-8.0|22.0|22.0|0.0|100.0|~|3.0|3.33|4|3.89|5.83|0.000|~|-0.1452|-0.9224|2026-10-04T09:27:53.427668
wuhan|2026-09-27|24|26.0|22.0|4.0|25.0|1.0|22.0|22.0|0.0|100.0|~|4.0|3.78|4|2.37|3.89|0.000|~|~|~|2026-10-04T09:27:53.427668
wuhan|2026-09-28|24|24.0|21.0|3.0|26.0|-2.0|22.0|22.0|0.0|100.0|~|2.0|3.33|4|4.10|7.78|0.000|~|-0.1695|-0.9026|2026-10-04T09:27:53.427668
wuhan|2026-09-29|24|22.0|20.0|2.0|24.0|-2.0|20.0|20.0|0.0|100.0|~|2.0|4.44|6|2.16|3.89|0.000|~|-0.3214|-0.8830|2026-10-04T09:27:53.427668
wuhan|2026-09-30|24|23.0|20.0|3.0|22.0|1.0|21.0|21.0|0.0|100.0|~|2.0|3.56|4|1.94|1.94|0.000|~|~|~|2026-10-04T09:27:53.427668
wuhan|2026-10-01|24|22.0|13.0|9.0|23.0|-1.0|17.0|11.0|6.0|67.76|~|5.0|5.33|8|6.48|7.78|0.000|~|-0.1840|-0.9768|2026-10-04T09:27:53.427668
wuhan|2026-10-02|24|18.0|13.0|5.0|22.0|-4.0|14.0|14.0|0.0|100.0|~|4.0|3.56|8|2.81|5.83|0.000|~|-0.0756|-0.6681|2026-10-04T09:27:53.427668
wuhan|2026-10-03|24|19.0|17.0|2.0|18.0|1.0|17.0|17.0|0.0|100.0|~|2.0|3.33|4|2.37|3.89|0.000|~|~|~|2026-10-04T09:27:53.427668
wuhan|2026-10-04|17|24.0|17.0|7.0|19.0|5.0|17.0|17.0|0.0|100.0|~|7.0|4.00|4|8.75|11.66|0.000|~|-0.1906|-0.9698|2026-10-04T09:27:53.427668
zhengzhou|2026-09-02|24|30.0|20.0|10.0|31.0|-1.0|25.0|17.0|8.0|61.19|~|5.0|~|~|7.34|9.72|0.000|~|-0.6212|-0.5800|2026-10-04T02:39:43.897535
zhengzhou|2026-09-03|24|29.0|21.0|8.0|30.0|-1.0|23.0|14.0|9.0|56.92|~|6.0|~|~|9.29|9.72|0.000|~|-0.4634|-0.8753|2026-10-04T09:27:53.427668
zhengzhou|2026-09-04|24|30.0|19.0|11.0|29.0|1.0|24.0|14.0|10.0|53.6|~|6.0|~|~|8.64|11.66|0.000|~|-0.4195|-0.8778|2026-10-04T09:27:53.427668
zhengzhou|2026-09-05|24|31.0|17.0|14.0|30.0|1.0|25.0|16.0|9.0|57.42|~|6.0|4.00|4|5.83|7.78|0.000|~|-0.2087|-0.9296|2026-10-04T09:27:53.427668
zhengzhou|2026-09-06|24|33.0|19.0|14.0|31.0|2.0|25.0|18.0|7.0|65.17|~|8.0|~|~|3.46|3.89|0.000|~|-0.2553|-0.5476|2026-10-04T09:27:53.427668
zhengzhou|2026-09-07|24|32.0|20.0|12.0|33.0|-1.0|27.0|19.0|8.0|61.65|~|5.0|~|~|4.54|5.83|0.000|~|-0.4738|0.7309|2026-10-04T09:27:53.427668
zhengzhou|2026-09-08|24|25.0|15.0|10.0|32.0|-7.0|25.0|20.0|5.0|73.83|~|0.0|6.67|8|14.90|17.49|0.000|~|-0.4484|-0.8823|2026-10-04T09:27:53.427668
zhengzhou|2026-09-09|24|19.0|14.0|5.0|25.0|-6.0|16.0|12.0|4.0|77.15|~|3.0|~|~|10.37|13.61|0.000|~|0.1932|-0.9203|2026-10-04T09:27:53.427668
zhengzhou|2026-09-10|24|27.0|16.0|11.0|19.0|8.0|18.0|12.0|6.0|67.97|~|9.0|~|~|7.56|9.72|0.000|~|0.1658|-0.8706|2026-10-04T09:27:53.427668
zhengzhou|2026-09-11|24|25.0|17.0|8.0|27.0|-2.0|19.0|17.0|2.0|88.19|~|6.0|0.00|0|3.02|5.83|0.000|~|0.0064|0.3155|2026-10-04T09:27:53.427668
zhengzhou|2026-09-12|24|27.0|18.0|9.0|25.0|2.0|22.0|17.0|5.0|73.3|~|5.0|~|~|4.54|5.83|0.000|~|0.1071|0.9560|2026-10-04T09:27:53.427668
zhengzhou|2026-09-13|24|30.0|19.0|11.0|27.0|3.0|22.0|16.0|6.0|68.79|~|8.0|~|~|3.67|5.83|0.000|~|0.5584|-0.1336|2026-10-04T09:27:53.427668
zhengzhou|2026-09-14|24|31.0|17.0|14.0|30.0|1.0|23.0|18.0|5.0|73.48|~|8.0|0.00|0|3.89|5.83|0.000|~|-0.6412|0.4798|2026-10-04T09:27:53.427668
zhengzhou|2026-09-15|24|33.0|17.0|16.0|31.0|2.0|24.0|15.0|9.0|57.17|~|9.0|~|~|6.05|7.78|0.000|~|0.3305|0.9131|2026-10-04T09:27:53.427668
zhengzhou|2026-09-16|24|29.0|18.0|11.0|33.0|-4.0|22.0|16.0|6.0|68.79|~|7.0|~|~|5.83|7.78|0.000|~|0.3455|0.9099|2026-10-04T09:27:53.427668
zhengzhou|2026-09-17|24|25.0|18.0|7.0|29.0|-4.0|21.0|14.0|7.0|64.3|~|4.0|4.00|4|4.54|5.83|0.000|~|0.1657|0.9043|2026-10-04T09:27:53.427668
zhengzhou|2026-09-18|24|28.0|17.0|11.0|25.0|3.0|21.0|16.0|5.0|73.13|~|7.0|~|~|3.02|3.89|0.000|~|0.3956|-0.3638|2026-10-04T09:27:53.427668
zhengzhou|2026-09-19|24|26.0|20.0|6.0|28.0|-2.0|22.0|16.0|6.0|68.79|~|4.0|2.00|8|4.32|5.83|0.000|~|-0.8297|0.2430|2026-10-04T09:27:53.427668
zhengzhou|2026-09-20|24|23.0|21|2.0|26.0|-3.0|22|22|0|100|~|1.0|6.67|8|4.32|7.78|0.000|~|-0.0343|-0.7057|2026-10-04T09:27:53.427668
zhengzhou|2026-09-21|24|25|20|5|23.0|2.0|21|21|0|100|~|4|7.11|8|5.83|7.78|0.000|~|0.4215|-0.8806|2026-10-04T09:27:53.427668
zhengzhou|2026-09-22|24|29|20|9|25|4|22.0|20.0|2.0|88.45|~|7.0|2.22|4|3.45|5.83|0.000|~|~|~|2026-10-04T09:27:53.427668
zhengzhou|2026-09-23|24|30|18|12|29|1|22|22|0|100|~|8|0.00|0|3.02|5.83|0.000|~|-0.7544|0.6330|2026-10-04T09:27:53.427668
zhengzhou|2026-09-24|24|24|20|4|30|-6|23|22|1|94.11|~|1|5.11|8|5.62|7.78|0.000|~|-0.9032|0.3547|2026-10-04T09:27:53.427668
zhengzhou|2026-09-25|24|22|19.0|3.0|24|-2|19|19|0|100|~|3|6.67|8|6.05|7.78|0.000|~|-0.1528|-0.9474|2026-10-04T09:27:53.427668
zhengzhou|2026-09-26|24|24.0|17.0|7.0|22|2.0|20.0|20.0|0.0|100.0|~|4.0|3.33|6|3.46|5.83|0.000|~|-0.8726|0.3887|2026-10-04T09:27:53.427668
zhengzhou|2026-09-27|24|24.0|17.0|7.0|24.0|0.0|20.0|20.0|0.0|100.0|~|4.0|3.33|6|2.59|3.89|0.000|~|0.0125|0.1072|2026-10-04T09:27:53.427668
zhengzhou|2026-09-28|24|22.0|20.0|2.0|24.0|-2.0|20.0|20.0|0.0|100.0|~|2.0|3.78|8|2.16|3.89|0.000|~|-0.9330|0.2500|2026-10-04T09:27:53.427668
zhengzhou|2026-09-29|24|25.0|18.0|7.0|22.0|3.0|20.0|20.0|0.0|100.0|~|5.0|3.43|6|4.32|5.83|0.000|~|-0.0704|0.8555|2026-10-04T09:27:53.427668
zhengzhou|2026-09-30|24|25.0|16.0|9.0|25.0|0.0|20.0|20.0|0.0|100.0|~|5.0|5.33|8|9.72|13.61|0.000|~|-0.4583|-0.8734|2026-10-04T09:27:53.427668
zhengzhou|2026-10-01|24|21.0|13.0|8.0|25.0|-4.0|16.0|13.0|3.0|82.38|~|5.0|~|~|3.24|5.83|0.000|~|0.5442|-0.8269|2026-10-04T09:27:53.427668
zhengzhou|2026-10-02|24|23.0|8.0|15.0|21.0|2.0|15.0|10.0|5.0|72.02|~|8.0|~|~|5.62|7.78|0.000|~|-0.8857|0.0172|2026-10-04T09:27:53.427668
zhengzhou|2026-10-03|24|19.0|13.0|6.0|23.0|-4.0|14.0|14.0|0.0|100.0|~|5.0|7.14|8|4.54|5.83|0.000|~|0.6652|-0.1496|2026-10-04T09:27:53.427668
zhengzhou|2026-10-04|17|24.0|14.0|10.0|19.0|5.0|17.0|9.0|8.0|59.27|~|7.0|~|~|5.59|7.78|0.000|~|-0.2568|-0.9274|2026-10-04T09:27:53.427668
